{
    "name": "bronze_temp",
    "properties": {
        "linkedServiceName": {
            "referenceName": "AzurePostgreSql",
            "type": "LinkedServiceReference"
        },
        "folder": {
            "name": "bronze_temp"
        },
        "annotations": [],
        "type": "AzurePostgreSqlTable",
        "schema": [
            {
                "name": "place_code",
                "type": "integer",
                "precision": 0,
                "scale": 0
            },
            {
                "name": "place",
                "type": "character varying",
                "precision": 0,
                "scale": 0
            },
            {
                "name": "datetime",
                "type": "character varying",
                "precision": 0,
                "scale": 0
            },
            {
                "name": "dotw",
                "type": "integer",
                "precision": 0,
                "scale": 0
            },
            {
                "name": "wind_speed",
                "type": "integer",
                "precision": 0,
                "scale": 0
            },
            {
                "name": "instant_wind_speed",
                "type": "integer",
                "precision": 0,
                "scale": 0
            },
            {
                "name": "visibillity",
                "type": "integer",
                "precision": 0,
                "scale": 0
            },
            {
                "name": "weather_phenomenon",
                "type": "integer",
                "precision": 0,
                "scale": 0
            },
            {
                "name": "total_cloudiness",
                "type": "integer",
                "precision": 0,
                "scale": 0
            },
            {
                "name": "fst_cloudiness",
                "type": "integer",
                "precision": 0,
                "scale": 0
            },
            {
                "name": "snd_cloudiness",
                "type": "integer",
                "precision": 0,
                "scale": 0
            },
            {
                "name": "trd_cloudiness",
                "type": "integer",
                "precision": 0,
                "scale": 0
            },
            {
                "name": "fth_cloudiness",
                "type": "integer",
                "precision": 0,
                "scale": 0
            },
            {
                "name": "fst_cloud_shape",
                "type": "integer",
                "precision": 0,
                "scale": 0
            },
            {
                "name": "snd_cloud_shape",
                "type": "integer",
                "precision": 0,
                "scale": 0
            },
            {
                "name": "trd_cloud_shape",
                "type": "integer",
                "precision": 0,
                "scale": 0
            },
            {
                "name": "fth_cloud_shape",
                "type": "integer",
                "precision": 0,
                "scale": 0
            },
            {
                "name": "fst_cloud_height",
                "type": "integer",
                "precision": 0,
                "scale": 0
            },
            {
                "name": "snd_cloud_height",
                "type": "integer",
                "precision": 0,
                "scale": 0
            },
            {
                "name": "trd_cloud_height",
                "type": "integer",
                "precision": 0,
                "scale": 0
            },
            {
                "name": "fth_cloud_height",
                "type": "integer",
                "precision": 0,
                "scale": 0
            },
            {
                "name": "temperature",
                "type": "real",
                "precision": 0,
                "scale": 0
            },
            {
                "name": "dew_point_temp",
                "type": "real",
                "precision": 0,
                "scale": 0
            },
            {
                "name": "sea_level_pressure",
                "type": "real",
                "precision": 0,
                "scale": 0
            },
            {
                "name": "spot_atmos_pressure",
                "type": "real",
                "precision": 0,
                "scale": 0
            },
            {
                "name": "precipitation",
                "type": "integer",
                "precision": 0,
                "scale": 0
            }
        ],
        "typeProperties": {
            "schema": "bronze",
            "table": "bronze_temperature_230701_250707"
        }
    },
    "type": "Microsoft.DataFactory/factories/datasets"
}