{
    "name": "silver_temp",
    "properties": {
        "linkedServiceName": {
            "referenceName": "AzurePostgreSql",
            "type": "LinkedServiceReference"
        },
        "folder": {
            "name": "bronze_temp"
        },
        "annotations": [],
        "type": "AzurePostgreSqlTable",
        "schema": [
            {
                "name": "dotw",
                "type": "integer",
                "precision": 0,
                "scale": 0
            },
            {
                "name": "wind_speed",
                "type": "integer",
                "precision": 0,
                "scale": 0
            },
            {
                "name": "visibillity",
                "type": "integer",
                "precision": 0,
                "scale": 0
            },
            {
                "name": "weather_phenomenon",
                "type": "integer",
                "precision": 0,
                "scale": 0
            },
            {
                "name": "temperature",
                "type": "real",
                "precision": 0,
                "scale": 0
            },
            {
                "name": "dew_point_temp",
                "type": "real",
                "precision": 0,
                "scale": 0
            },
            {
                "name": "sea_level_pressure",
                "type": "real",
                "precision": 0,
                "scale": 0
            },
            {
                "name": "spot_atmos_pressure",
                "type": "real",
                "precision": 0,
                "scale": 0
            },
            {
                "name": "precipitation",
                "type": "integer",
                "precision": 0,
                "scale": 0
            },
            {
                "name": "year",
                "type": "character varying",
                "precision": 0,
                "scale": 0
            },
            {
                "name": "month",
                "type": "character varying",
                "precision": 0,
                "scale": 0
            },
            {
                "name": "day",
                "type": "character varying",
                "precision": 0,
                "scale": 0
            },
            {
                "name": "time",
                "type": "character varying",
                "precision": 0,
                "scale": 0
            },
            {
                "name": "datetime",
                "type": "character varying",
                "precision": 0,
                "scale": 0
            }
        ],
        "typeProperties": {
            "schema": "silver",
            "table": "silver_temperature_230701_250707"
        }
    },
    "type": "Microsoft.DataFactory/factories/datasets"
}