"area","bus_number","to_airport_first","to_airport_last","t1_end_first","t2_end_first","t1_end_last","t2_end_last","adult_fare","bus_class","company_name","t1_weekday_schedule","t1_weekend_schedule","t2_weekday_schedule","t2_weekend_schedule","route_info","t1_ride_location","t2_ride_location"
서울,"6009","0520","2252","0540","0520","2312","2252","17000",우등,서울공항리무진(02-577-1343~5),"0540, 0610, 0630, 0645, 0705, 0720, 0735, 0753, 0808, 0823, 0838, 0853, 0908, 0922, 0936, 0950, 1005, 1025, 1045, 1115, 1140, 1205, 1224, 1241, 1258, 1315, 1332, 1348, 1406, 1423, 1440, 1500, 1520, 1540, 1600, 1620, 1640, 1700, 1720, 1740, 1800, 1819, 1838, 1858, 1918, 1938, 1958, 2018, 2038, 2058, 2115, 2138, 2158, 2218, 2236, 2254, 2312","0540, 0610, 0630, 0645, 0705, 0720, 0735, 0753, 0808, 0823, 0838, 0853, 0908, 0922, 0936, 0950, 1005, 1025, 1045, 1115, 1140, 1205, 1224, 1241, 1258, 1315, 1332, 1348, 1406, 1423, 1440, 1500, 1520, 1540, 1600, 1620, 1640, 1700, 1720, 1740, 1800, 1819, 1838, 1858, 1918, 1938, 1958, 2018, 2038, 2058, 2115, 2138, 2158, 2218, 2236, 2254, 2312","0520, 0550, 0610, 0625, 0645, 0700, 0715, 0733, 0748, 0803, 0818, 0833, 0848, 0902, 0916, 0930, 0945, 1005, 1025, 1055, 1120, 1145, 1204, 1221, 1238, 1255, 1312, 1328, 1346, 1403, 1420, 1440, 1500, 1520, 1540, 1600, 1620, 1640, 1700, 1720, 1740, 1759, 1818, 1838, 1858, 1918, 1938, 1958, 2018, 2038, 2055, 2118, 2138, 2158, 2216, 2234, 2252","0520, 0550, 0610, 0625, 0645, 0700, 0715, 0733, 0748, 0803, 0818, 0833, 0848, 0902, 0916, 0930, 0945, 1005, 1025, 1055, 1120, 1145, 1204, 1221, 1238, 1255, 1312, 1328, 1346, 1403, 1420, 1440, 1500, 1520, 1540, 1600, 1620, 1640, 1700, 1720, 1740, 1759, 1818, 1838, 1858, 1918, 1938, 1958, 2018, 2038, 2055, 2118, 2138, 2158, 2216, 2234, 2252","인천공항2터미널, 인천공항1터미널, 신사동(더리버사이드호텔), 신사역, 논현역, 신논현역, 2호선 강남역, 신분당선 강남역, 래미안아파트, 파이낸셜뉴스, 뱅뱅사거리, 양재역, 도곡동(매봉역), 타워팰리스, 도곡역, 대치동(대치역), 학여울역, 개포동, 상록수아파트, 삼성서울병원, 가락1동주민센터헬리오시티","1F : 4A","B1F : 23, 15"
서울,"6100","0610","2300","0630","0610","2320","2300","18000",우등,한국도심공항(02-551-0077~8),"0630, 0650, 0710, 0730, 0750, 0810, 0830, 0850, 0915, 0940, 1005, 1025, 1050, 1110, 1135, 1200, 1225, 1245, 1310, 1330, 1350, 1410, 1435, 1455, 1515, 1540, 1605, 1630, 1650, 1715, 1735, 1755, 1815, 1835, 1850, 1905, 1925, 1945, 2005, 2030, 2055, 2115, 2140, 2205, 2230, 2255, 2320","0630, 0650, 0710, 0730, 0750, 0810, 0830, 0850, 0915, 0940, 1005, 1025, 1050, 1110, 1135, 1200, 1225, 1245, 1310, 1330, 1350, 1410, 1435, 1455, 1515, 1540, 1605, 1630, 1650, 1715, 1735, 1755, 1815, 1835, 1850, 1905, 1925, 1945, 2005, 2030, 2055, 2115, 2140, 2205, 2230, 2255, 2320","0610, 0630, 0650, 0710, 0730, 0750, 0810, 0830, 0855, 0920, 0945, 1005, 1030, 1050, 1115, 1140, 1205, 1225, 1250, 1310, 1330, 1350, 1415, 1435, 1455, 1520, 1545, 1610, 1630, 1655, 1715, 1735, 1755, 1815, 1830, 1845, 1905, 1925, 1945, 2010, 2035, 2055, 2120, 2145, 2210, 2235, 2300","0610, 0630, 0650, 0710, 0730, 0750, 0810, 0830, 0855, 0920, 0945, 1005, 1030, 1050, 1115, 1140, 1205, 1225, 1250, 1310, 1330, 1350, 1415, 1435, 1455, 1520, 1545, 1610, 1630, 1655, 1715, 1735, 1755, 1815, 1830, 1845, 1905, 1925, 1945, 2010, 2035, 2055, 2120, 2145, 2210, 2235, 2300","인천공항2터미널, 인천공항1터미널, 수락산역(직통), 노일초교, 마들역, 노원역, 중계역, 하계역, 공릉역, 태릉입구역, 먹골역, 중화역, 망우역","1F : 7A","B1F : 22, 21"
서울,,"0700","1400","0720","0700","1420","1400","16000",우등,,,,,,,"1F : 7A",B1F : 11
서울,,"0700","1400","0720","0700","1420","1400","16000",우등,,,,,,,"1F : 7A",B1F : 12
서울,,"0700","1400","0720","0700","1420","1400","16000",우등,,,,,,,"1F : 7A",B1F : 13
서울,,"0700","1400","0720","0700","1420","1400","16000",우등,,,,,,,"1F : 7A",B1F : 14
서울,,"1530","2000","1550","1530","2020","2000","16000",우등,,,,,,,"1F : 7A",B1F : 11
서울,,"1530","2000","1550","1530","2020","2000","16000",우등,,,,,,,"1F : 7A",B1F : 12
서울,"6103","0540","2310","0600","0540","2330","2310","18000",우등,한국도심공항(02-551-0077~8),"0600, 0635, 0705, 0745, 0825, 0910, 1000, 1045, 1125, 1200, 1235, 1310, 1345, 1420, 1450, 1510, 1535, 1605, 1625, 1700, 1740, 1820, 1900, 1940, 2020, 2035, 2055, 2120, 2155, 2225, 2250, 2330","0600, 0635, 0705, 0745, 0825, 0910, 1000, 1045, 1125, 1200, 1235, 1310, 1345, 1420, 1450, 1510, 1535, 1605, 1625, 1700, 1740, 1820, 1900, 1940, 2020, 2035, 2055, 2120, 2155, 2225, 2250, 2330","0540, 0615, 0645, 0725, 0805, 0850, 0940, 1025, 1105, 1140, 1215, 1250, 1325, 1400, 1430, 1450, 1515, 1545, 1605, 1640, 1720, 1800, 1840, 1920, 2000, 2015, 2035, 2100, 2135, 2205, 2230, 2310","0540, 0615, 0645, 0725, 0805, 0850, 0940, 1025, 1105, 1140, 1215, 1250, 1325, 1400, 1430, 1450, 1515, 1545, 1605, 1640, 1720, 1800, 1840, 1920, 2000, 2015, 2035, 2100, 2135, 2205, 2230, 2310","인천공항2터미널, 인천공항1터미널, 삼성역(그랜드인터컨티넨탈), 코엑스(도심공항)","1F : 7A",B1F : 21
서울,"6104","0620","2200","0640","0620","2220","2200","18000",우등,한국도심공항(02-551-0077~8),"0640, 0730, 0835, 0905, 0955, 1100, 1205, 1320, 1415, 1515, 1650, 1755, 1835, 1935, 2045, 2220","0640, 0730, 0835, 0905, 0955, 1100, 1205, 1320, 1415, 1515, 1650, 1755, 1835, 1935, 2045, 2220","0620, 0710, 0815, 0845, 0935, 1040, 1145, 1300, 1355, 1455, 1630, 1735, 1815, 1915, 2025, 2200","0620, 0710, 0815, 0845, 0935, 1040, 1145, 1300, 1355, 1455, 1630, 1735, 1815, 1915, 2025, 2200","인천공항2터미널, 인천공항1터미널, 디에이치 퍼스티어 아이파크, 개포중학교, 래미안블레스티지, 개포자이 프레지던스, 개포 4,5 단지","1F : 7A",B1F : 21
서울,"6002","0515","2310","0535","0515","2330","2310","17000, 17000","일반,우등",공항리무진(02-2664-9898),"0535, 0610, 0630, 0643, 0656, 0709, 0722, 0735, 0748, 0801, 0814, 0827, 0840, 0853, 0906, 0918, 0930, 0944, 0958, 1011, 1024, 1037, 1050, 1103, 1116, 1128, 1140, 1154, 1208, 1221, 1234, 1247, 1300, 1313, 1326, 1339, 1352, 1405, 1420, 1435, 1450, 1505, 1520, 1535, 1550, 1605, 1620, 1635, 1650, 1705, 1718, 1730, 1742, 1754, 1806, 1818, 1830, 1842, 1854, 1906, 1918, 1930, 1943, 1956, 2009, 2022, 2035, 2050, 2105, 2120, 2137, 2154, 2212, 2230, 2250, 2310, 2330","0535, 0610, 0630, 0643, 0656, 0709, 0722, 0735, 0748, 0801, 0814, 0827, 0840, 0853, 0906, 0918, 0930, 0944, 0958, 1011, 1024, 1037, 1050, 1103, 1116, 1128, 1140, 1154, 1208, 1221, 1234, 1247, 1300, 1313, 1326, 1339, 1352, 1405, 1420, 1435, 1450, 1505, 1520, 1535, 1550, 1605, 1620, 1635, 1650, 1705, 1718, 1730, 1742, 1754, 1806, 1818, 1830, 1842, 1854, 1906, 1918, 1930, 1943, 1956, 2009, 2022, 2035, 2050, 2105, 2120, 2137, 2154, 2212, 2230, 2250, 2310, 2330","0515, 0550, 0610, 0623, 0636, 0649, 0702, 0715, 0728, 0741, 0754, 0807, 0820, 0833, 0846, 0858, 0910, 0924, 0938, 0951, 1004, 1017, 1030, 1043, 1056, 1108, 1120, 1134, 1148, 1201, 1214, 1227, 1240, 1253, 1306, 1319, 1332, 1345, 1400, 1415, 1430, 1445, 1500, 1515, 1530, 1545, 1600, 1615, 1630, 1645, 1658, 1710, 1722, 1734, 1746, 1758, 1810, 1822, 1834, 1846, 1858, 1910, 1923, 1936, 1949, 2002, 2015, 2030, 2045, 2100, 2117, 2134, 2152, 2210, 2230, 2250, 2310","0515, 0550, 0610, 0623, 0636, 0649, 0702, 0715, 0728, 0741, 0754, 0807, 0820, 0833, 0846, 0858, 0910, 0924, 0938, 0951, 1004, 1017, 1030, 1043, 1056, 1108, 1120, 1134, 1148, 1201, 1214, 1227, 1240, 1253, 1306, 1319, 1332, 1345, 1400, 1415, 1430, 1445, 1500, 1515, 1530, 1545, 1600, 1615, 1630, 1645, 1658, 1710, 1722, 1734, 1746, 1758, 1810, 1822, 1834, 1846, 1858, 1910, 1923, 1936, 1949, 2002, 2015, 2030, 2045, 2100, 2117, 2134, 2152, 2210, 2230, 2250, 2310","인천공항2터미널, 인천공항1터미널, 합정역, 서교동, 라이즈호텔, 홍대입구역, 신촌현대백화점, 신촌역, 이대입구역, 웨딩타운, 아현역, 충정로역, 서대문역 사거리, 서울역사박물관(경희궁), 광화문(포시즌호텔), 종로1가, 종로2가, 종로3가, 종로4가(호텔아트리움), 종로6가(JW메리어트동대문), 동대문역(흥인지문), 동묘앞역, 신설동역, 용두동사거리, 제기동역, 청량리역","1F : 5B",B1F : 30
서울,"6016","0630","2250","0650","0630","2310","2250","17000, 17000","일반,우등",공항리무진(02-2664-9898),"0650, 0720, 0810, 0900, 0945, 1025, 1105, 1145, 1220, 1250, 1330, 1410, 1450, 1535, 1620, 1705, 1750, 1825, 1900, 1935, 2010, 2050, 2135, 2220, 2310","0650, 0720, 0810, 0900, 0945, 1025, 1105, 1145, 1220, 1250, 1330, 1410, 1450, 1535, 1620, 1705, 1750, 1825, 1900, 1935, 2010, 2050, 2135, 2220, 2310","0630, 0700, 0750, 0840, 0925, 1005, 1045, 1125, 1200, 1230, 1310, 1350, 1430, 1515, 1600, 1645, 1730, 1805, 1840, 1915, 1950, 2030, 2115, 2200, 2250","0630, 0700, 0750, 0840, 0925, 1005, 1045, 1125, 1200, 1230, 1310, 1350, 1430, 1515, 1600, 1645, 1730, 1805, 1840, 1915, 1950, 2030, 2115, 2200, 2250","인천공항2터미널, 인천공항1터미널, 효사정앞, 흑석역(중대입구), 이수교(갯마을앞), 정금마을, 경문고교(배나무골), 남성시장(총신대입구역), 이수역(사당우체국), 사당역(방배경찰서), 방배래미안, 임광아파트(방배), 방배역, 서울고교, 서초사거리, 서울교육대, 서울남부","1F : 6A",B1F : 26
서울,"6011","0525","2255","0545","0525","2315","2255","17000, 17000","일반,우등",공항리무진(02-2664-9898),"0545, 0640, 0710, 0737, 0811, 0840, 0905, 0930, 0956, 1020, 1045, 1110, 1134, 1158, 1222, 1247, 1312, 1336, 1406, 1431, 1456, 1520, 1545, 1610, 1635, 1700, 1726, 1752, 1818, 1838, 1901, 1920, 1945, 2007, 2033, 2055, 2120, 2145, 2215, 2245, 2315","0545, 0640, 0710, 0737, 0811, 0840, 0905, 0930, 0956, 1020, 1045, 1110, 1134, 1158, 1222, 1247, 1312, 1336, 1406, 1431, 1456, 1520, 1545, 1610, 1635, 1700, 1726, 1752, 1818, 1838, 1901, 1920, 1945, 2007, 2033, 2055, 2120, 2145, 2215, 2245, 2315","0525, 0620, 0650, 0717, 0751, 0820, 0845, 0910, 0936, 1000, 1025, 1050, 1114, 1138, 1202, 1227, 1252, 1316, 1346, 1411, 1436, 1500, 1525, 1550, 1615, 1640, 1706, 1732, 1758, 1818, 1841, 1900, 1925, 1947, 2013, 2035, 2100, 2125, 2155, 2225, 2255","0525, 0620, 0650, 0717, 0751, 0820, 0845, 0910, 0936, 1000, 1025, 1050, 1114, 1138, 1202, 1227, 1252, 1316, 1346, 1411, 1436, 1500, 1525, 1550, 1615, 1640, 1706, 1732, 1758, 1818, 1841, 1900, 1925, 1947, 2013, 2035, 2100, 2125, 2155, 2225, 2255","인천공항2터미널, 인천공항1터미널, 마포구청역(월드컵경기장입구), 성산회관, 연세대학교, 이화여대후문, 경복궁역, 안국동, 창덕궁, 창경궁(메이프레이스호텔), 성균관대입구(혜화동), 한성대입구, 성신여대입구(베스트웨스턴아리랑), 미아리고개, 길음역(길음뉴타운), 월곡뉴타운, 창문여고, 북서울꿈의숲, 롯데캐슬루나아파트, 인덕대입구, 월계동대우아파트","1F : 5B",B1F : 31
서울,"6004","0650","2245","0710","0650","2305","2245","17000",우등,공항리무진(02-2664-9898),"0710, 0745, 0825, 0905, 0935, 1010, 1040, 1110, 1135, 1210, 1240, 1310, 1350, 1430, 1505, 1540, 1615, 1645, 1720, 1755, 1830, 1855, 1925, 1955, 2025, 2100, 2130, 2205, 2235, 2305","0710, 0745, 0825, 0905, 0935, 1010, 1040, 1110, 1135, 1210, 1240, 1310, 1350, 1430, 1505, 1540, 1615, 1645, 1720, 1755, 1830, 1855, 1925, 1955, 2025, 2100, 2130, 2205, 2235, 2305","0650, 0725, 0805, 0845, 0915, 0950, 1020, 1050, 1115, 1150, 1220, 1250, 1330, 1410, 1445, 1520, 1555, 1625, 1700, 1735, 1810, 1835, 1905, 1935, 2005, 2040, 2110, 2145, 2215, 2245","0650, 0725, 0805, 0845, 0915, 0950, 1020, 1050, 1115, 1150, 1220, 1250, 1330, 1410, 1445, 1520, 1555, 1625, 1700, 1735, 1810, 1835, 1905, 1935, 2005, 2040, 2110, 2145, 2215, 2245","인천공항2터미널, 인천공항1터미널, KTX 광명역(직통), 석수역, 시흥유통센터, 박미삼거리(국립전통예술중고), 시흥사거리, 금천구청(시흥고개), 말미고개, 금천우체국, 문성초등학교, 베스트웨스턴구로호텔, 롯데시티호텔구로, 디지털1단지, 디지털단지오거리, 패션단지, 가산디지털단지역","1F : 6A",B1F : 26
서울,"6010","0540","2250","0600","0540","2310","2250","17000",우등,공항리무진(02-2664-9898),"0600, 0650, 0745, 0840, 0930, 1020, 1115, 1205, 1250, 1340, 1430, 1515, 1600, 1655, 1750, 1840, 1925, 2020, 2110, 2210, 2310","0600, 0650, 0745, 0840, 0930, 1020, 1115, 1205, 1250, 1340, 1430, 1515, 1600, 1655, 1750, 1840, 1925, 2020, 2110, 2210, 2310","0540, 0630, 0725, 0820, 0910, 1000, 1055, 1145, 1230, 1320, 1410, 1455, 1540, 1635, 1730, 1820, 1905, 2000, 2050, 2150, 2250","0540, 0630, 0725, 0820, 0910, 1000, 1055, 1145, 1230, 1320, 1410, 1455, 1540, 1635, 1730, 1820, 1905, 2000, 2050, 2150, 2250","인천공항2터미널, 인천공항1터미널, 두산위브트레지움, 동부이촌동, 강촌아파트, 이촌현대아파트(금강병원), 신동아아파트, 동빙고동, 한남역, 한남동, 한남더힐아파트(이집트대사관), 옥정중학교, 옥수삼성아파트, 금옥초등학교(금호대우아파트), 금호사거리, 금호삼성래미안, 응봉현대아파트, 응봉주민센터, 응봉삼거리, 무학여고, 왕십리역(성동구청)","1F : 6B",B1F : 32
서울,"6013","0600","2305","0620","0600","2325","2305","17000",우등,공항리무진(02-2664-9898),"0620, 0655, 0730, 0805, 0835, 0910, 0935, 1005, 1035, 1110, 1135, 1205, 1235, 1305, 1340, 1410, 1445, 1515, 1555, 1635, 1705, 1735, 1805, 1835, 1905, 1935, 2005, 2035, 2105, 2135, 2205, 2235, 2300, 2325","0620, 0655, 0730, 0805, 0835, 0910, 0935, 1005, 1035, 1110, 1135, 1205, 1235, 1305, 1340, 1410, 1445, 1515, 1555, 1635, 1705, 1735, 1805, 1835, 1905, 1935, 2005, 2035, 2105, 2135, 2205, 2235, 2300, 2325","0600, 0635, 0710, 0745, 0815, 0850, 0915, 0945, 1015, 1050, 1115, 1145, 1215, 1245, 1320, 1350, 1425, 1455, 1535, 1615, 1645, 1715, 1745, 1815, 1845, 1915, 1945, 2015, 2045, 2115, 2145, 2215, 2240, 2305","0600, 0635, 0710, 0745, 0815, 0850, 0915, 0945, 1015, 1050, 1115, 1145, 1215, 1245, 1320, 1350, 1425, 1455, 1535, 1615, 1645, 1715, 1745, 1815, 1845, 1915, 1945, 2015, 2045, 2115, 2145, 2215, 2240, 2305","인천공항2터미널, 인천공항1터미널, 경일초등학교, 성수동이마트, 성수119안전센터, 자양동, 광진구의회(건대입구역), 건국대(서울), 세종대학교, 군자역, 군자교입구, 장한평역, 힐스테이트장안센트럴(구, 경남관광호텔), 장안사거리, 장안삼거리, 면목동(홈플러스)","1F : 6A",B1F : 24
경기,"4100-1","1020","2135","1040","1020","2155","2135","15000, 15000","일반,우등","경기공항리무진(031-269-9500), 용남공항리무진(), 용남고속(031-295-7105)","1040, 1620, 2155","1040, 1620, 2155","1020, 1600, 2135","1020, 1600, 2135","인천공항2터미널, 인천공항1터미널, 서수원, 수원역, 수원터미널, 이비스앰버서더수원, 해든호텔 하이엔드수원, 영통(랜드마크호텔)","1F : 8A",B1F : 36
경기,"8834","1140","2100","1200","1140","2120","2100","19000",우등,대원고속(02-455-2114),"1200, 1310, 1410, 1920, 2020, 2120","1200, 1310, 1410, 1920, 2020, 2120","1140, 1250, 1350, 1900, 2000, 2100","1140, 1250, 1350, 1900, 2000, 2100","인천공항2터미널, 인천공항1터미널, 세마역(오산), 오산, 공도, 안성","1F : 9A",B1F : 41
경기,"7600","0840","2020","0900","0840","2040","2020","27000",우등,경기고속(02-455-2114),"0900, 1200, 1700, 2040","0900, 1200, 1700, 2040","0840, 1140, 1640, 2020","0840, 1140, 1640, 2020","인천공항2터미널, 인천공항1터미널, 만가대사거리, 청구아파트(민락동), 이마트(의정부점), 민락IC(의정부), 송우리, 대진대, 포천, 신북(포천), 양문, 영북농협, 신철원, 동송","1F : 10B",B1F : 43
경기,"8843(김포미경유)","0700","0720","0720","0700","0740","0720","20200",우등,경기고속(02-455-2114),"0720, 0740","0720, 0740","0700, 0720","0700, 0720","인천공항2터미널, 인천공항1터미널, 동구동주민센터(구리), 시외,공항버스정류장(구리), 도농역, 금곡중고등학교, 평내농협,평내초교, 천마산휴게소, 원병원(마석)","1F : 8B",B1F : 44
서울,"6001","0540","2250","0530","0540","2310","2250","17000",우등,공항리무진(02-2664-9898),"0530, 0600, 0625, 0645, 0700, 0715, 0728, 0742, 0754, 0806, 0820, 0833, 0846, 0859, 0912, 0925, 0938, 0951, 1003, 1015, 1027, 1039, 1051, 1103, 1115, 1127, 1139, 1151, 1203, 1215, 1227, 1239, 1252, 1304, 1317, 1329, 1341, 1351, 1401, 1413, 1426, 1439, 1451, 1503, 1515, 1527, 1539, 1551, 1604, 1617, 1630, 1643, 1655, 1708, 1721, 1734, 1747, 1800, 1813, 1828, 1843, 1856, 1910, 1925, 1940, 1956, 2012, 2028, 2044, 2100, 2115, 2130, 2150, 2210, 2230, 2250, 2310","0530, 0600, 0625, 0645, 0700, 0715, 0728, 0742, 0754, 0806, 0820, 0833, 0846, 0859, 0912, 0925, 0938, 0951, 1003, 1015, 1027, 1039, 1051, 1103, 1115, 1127, 1139, 1151, 1203, 1215, 1227, 1239, 1252, 1304, 1317, 1329, 1341, 1351, 1401, 1413, 1426, 1439, 1451, 1503, 1515, 1527, 1539, 1551, 1604, 1617, 1630, 1643, 1655, 1708, 1721, 1734, 1747, 1800, 1813, 1828, 1843, 1856, 1910, 1925, 1940, 1956, 2012, 2028, 2044, 2100, 2115, 2130, 2150, 2210, 2230, 2250, 2310","0540, 0605, 0625, 0640, 0655, 0708, 0722, 0734, 0746, 0800, 0813, 0826, 0839, 0852, 0905, 0918, 0931, 0943, 0955, 1007, 1019, 1031, 1043, 1055, 1107, 1119, 1131, 1143, 1155, 1207, 1219, 1232, 1244, 1257, 1309, 1321, 1331, 1341, 1353, 1406, 1419, 1431, 1443, 1455, 1507, 1519, 1531, 1544, 1557, 1610, 1623, 1635, 1648, 1701, 1714, 1727, 1740, 1753, 1808, 1823, 1836, 1850, 1905, 1920, 1936, 1952, 2008, 2024, 2040, 2055, 2110, 2130, 2150, 2210, 2230, 2250","0540, 0605, 0625, 0640, 0655, 0708, 0722, 0734, 0746, 0800, 0813, 0826, 0839, 0852, 0905, 0918, 0931, 0943, 0955, 1007, 1019, 1031, 1043, 1055, 1107, 1119, 1131, 1143, 1155, 1207, 1219, 1232, 1244, 1257, 1309, 1321, 1331, 1341, 1353, 1406, 1419, 1431, 1443, 1455, 1507, 1519, 1531, 1544, 1557, 1610, 1623, 1635, 1648, 1701, 1714, 1727, 1740, 1753, 1808, 1823, 1836, 1850, 1905, 1920, 1936, 1952, 2008, 2024, 2040, 2055, 2110, 2130, 2150, 2210, 2230, 2250","인천공항2터미널, 인천공항1터미널, 한강대교북단, 신용산역, 용산우체국, 삼각지역, 숙대입구역, 포포인츠바이쉐라톤호텔(갈월동), 서울역, 남대문시장,회현(보코서울), 명동역, 퇴계로3가한옥마을(PJ, G3호텔), 충무로역(PJ호텔), 베이튼호텔, 나인트리호텔 동대문(웨스턴코업), 노보텔엠버서더 동대문(을지로코업), 동대문DDP(동대문역사문화공원역, 토요코인호텔, 퇴계로6가(스카이파크동대문)","1F : 5B",B1F : 29
서울,"6012","0655","2240","0715","0655","2300","2240","17000",우등,공항리무진(02-2664-9898),"0715, 0822, 0935, 1045, 1145, 1242, 1345, 1455, 1600, 1700, 1800, 1847, 1935, 2017, 2110, 2205, 2300","0715, 0822, 0935, 1045, 1145, 1242, 1345, 1455, 1600, 1700, 1800, 1847, 1935, 2017, 2110, 2205, 2300","0655, 0802, 0915, 1025, 1125, 1222, 1325, 1435, 1540, 1640, 1740, 1827, 1915, 1957, 2050, 2145, 2240","0655, 0802, 0915, 1025, 1125, 1222, 1325, 1435, 1540, 1640, 1740, 1827, 1915, 1957, 2050, 2145, 2240","인천공항2터미널, 인천공항1터미널, 월드컵파크7단지, 스탠포드호텔, 월드컵파크5단지, 상암DMC홍보관, 상암동입구, 증산역, 새절역, 응암역, 역촌역, 은평구청, 힐스테이트녹번역아파트, 녹번동대림JR아파트, 힐스테이트녹번아파트, 북한산푸르지오, 불광역,서울혁신파크, 불광역, 동명여고, 연신내역, 세명컴퓨터고등학교, 박석고개, 구파발역","1F : 5B",B1F : 30
서울,N6701,"0020","2330","0040","0020","2350","2330","18000",우등,한국공항리무진(02-2667-0386),"0040, 0140, 0350, 0440, 2350","0040, 0140, 0350, 0440, 2350","0020, 0120, 0330, 0420, 2330","0020, 0120, 0330, 0420, 2330","인천공항2터미널, 인천공항1터미널, 마포역(서울가든호텔), 서울역, 을지로입구역(롯데호텔서울), 동대문디자인플라자(DDP)",,B1F : 18
서울,"6705A","0500","2255","0520","0500","2315","2255","18000, 18000","일반,우등",한국공항리무진(02-2667-0386),"0520, 0600, 0630, 0700, 0730, 0800, 0833, 0913, 0940, 1015, 1050, 1125, 1200, 1230, 1300, 1330, 1400, 1430, 1502, 1525, 1600, 1630, 1705, 1738, 1810, 1840, 1915, 1945, 2020, 2048, 2120, 2145, 2212, 2232, 2252, 2315","0520, 0600, 0630, 0700, 0730, 0800, 0833, 0913, 0940, 1015, 1050, 1125, 1200, 1230, 1300, 1330, 1400, 1430, 1502, 1525, 1600, 1630, 1705, 1738, 1810, 1840, 1915, 1945, 2020, 2048, 2120, 2145, 2212, 2232, 2252, 2315","0500, 0540, 0610, 0640, 0710, 0740, 0813, 0853, 0920, 0955, 1030, 1105, 1140, 1210, 1240, 1310, 1340, 1410, 1442, 1505, 1540, 1610, 1645, 1718, 1750, 1820, 1855, 1925, 2000, 2028, 2100, 2125, 2152, 2212, 2232, 2255","0500, 0540, 0610, 0640, 0710, 0740, 0813, 0853, 0920, 0955, 1030, 1105, 1140, 1210, 1240, 1310, 1340, 1410, 1442, 1505, 1540, 1610, 1645, 1718, 1750, 1820, 1855, 1925, 2000, 2028, 2100, 2125, 2152, 2212, 2232, 2255","인천공항2터미널, 인천공항1터미널, 잠실 롯데월드(직통), 동서울터미널(강변역), 광나루역, 워커힐호텔 비스타워커힐","1F : 4A",B1F : 19
서울,"6703","0635","2235","0655","0635","2255","2235","18000",우등,한국공항리무진(02-2667-0386),"0655, 0745, 0840, 0930, 1030, 1135, 1233, 1335, 1420, 1520, 1615, 1710, 1800, 1855, 1955, 2055, 2155, 2255","0655, 0745, 0840, 0930, 1030, 1135, 1233, 1335, 1420, 1520, 1615, 1710, 1800, 1855, 1955, 2055, 2155, 2255","0635, 0725, 0820, 0910, 1010, 1115, 1213, 1315, 1400, 1500, 1555, 1650, 1740, 1835, 1935, 2035, 2135, 2235","0635, 0725, 0820, 0910, 1010, 1115, 1213, 1315, 1400, 1500, 1555, 1650, 1740, 1835, 1935, 2035, 2135, 2235","인천공항2터미널, 인천공항1터미널, 이수화학, 반포(서래마을입구), 신논현역(4번출구), 신논현역(노보텔앰버서더호텔), 언주역(삼정호텔), 경복아파트사거리,글래드라이브, 선정릉역(라마다서울호텔), 봉은사역(코엑스인터컨티넨탈), 삼성역(그랜드인터컨티넨탈), 포스코사거리(ibis앰배서더강남), 선릉역, 역삼동(조선팰리스강남), 논현아이파크, 임피리얼팰리스서울호텔, 서울세관, 논현동(강남을지병원 사거리)","1F : 3B",B1F : 19
서울,N6703,"0040","2340","0100","0040","2400","2340","18000",우등,한국공항리무진(02-2667-0386),"2400, 0100, 0200, 0400, 0450","2400, 0100, 0200, 0400, 0450","0040, 0140, 0340, 0430, 2340","0040, 0140, 0340, 0430, 2340","인천공항2터미널, 인천공항1터미널, 반포(서래마을입구), 코엑스 삼성역, 잠실 롯데월드(직통)",,B1F : 19
서울,"6007","0640","2240","0700","0640","2300","2240","17000",우등,공항리무진(02-2664-9898),"0700, 0740, 0820, 0855, 0935, 1010, 1045, 1120, 1155, 1225, 1300, 1340, 1415, 1450, 1525, 1605, 1635, 1725, 1805, 1840, 1915, 1950, 2025, 2105, 2140, 2220, 2300","0700, 0740, 0820, 0855, 0935, 1010, 1045, 1120, 1155, 1225, 1300, 1340, 1415, 1450, 1525, 1605, 1635, 1725, 1805, 1840, 1915, 1950, 2025, 2105, 2140, 2220, 2300","0640, 0720, 0800, 0835, 0915, 0950, 1025, 1100, 1135, 1205, 1240, 1320, 1355, 1430, 1505, 1545, 1615, 1705, 1745, 1820, 1855, 1930, 2005, 2045, 2120, 2200, 2240","0640, 0720, 0800, 0835, 0915, 0950, 1025, 1100, 1135, 1205, 1240, 1320, 1355, 1430, 1505, 1545, 1615, 1705, 1745, 1820, 1855, 1930, 2005, 2045, 2120, 2200, 2240","인천공항2터미널, 인천공항1터미널, 당산역, 영등포전화국, 신화병원(하이서울유스호스텔), 영등포시장역, 타임스퀘어,코트야드호텔, 영등포역(페어필드바이메리어트), IFC서울콘래드호텔, 페어몬트앰버서더, 삼부A, 여의나루역, 켄싱턴호텔, 국회의사당,글래드호텔","1F : 6B",B1F : 27
서울,"6006","0600","2250","0620","0600","2310","2250","17000",우등,서울공항리무진(02-577-1343~5),"0620, 0700, 0730, 0800, 0840, 0915, 0948, 1030, 1125, 1205, 1235, 1310, 1350, 1420, 1500, 1545, 1630, 1710, 1750, 1830, 1910, 1950, 2035, 2120, 2200, 2235, 2310","0620, 0700, 0730, 0800, 0840, 0915, 0948, 1030, 1125, 1205, 1235, 1310, 1350, 1420, 1500, 1545, 1630, 1710, 1750, 1830, 1910, 1950, 2035, 2120, 2200, 2235, 2310","0600, 0640, 0710, 0740, 0820, 0855, 0928, 1010, 1105, 1145, 1215, 1250, 1330, 1400, 1440, 1525, 1610, 1650, 1730, 1810, 1850, 1930, 2015, 2100, 2140, 2215, 2250","0600, 0640, 0710, 0740, 0820, 0855, 0928, 1010, 1105, 1145, 1215, 1250, 1330, 1400, 1440, 1525, 1610, 1650, 1730, 1810, 1850, 1930, 2015, 2100, 2140, 2215, 2250","인천공항2터미널, 인천공항1터미널, 미성아파트(신사중학교), 압구정역, 현대아파트, 갤러리아백화점, 프리마호텔, 엔트라호텔, 리베라호텔, 코엑스 삼성역, 잠실종합운동장, 잠실새내역(구 신천역)","1F : 4B",B1F : 14
서울,"6005","0710","2235","0730","0710","2255","2235","17000",우등,공항리무진(02-2664-9898),"0730, 0905, 1038, 1205, 1510, 1800, 1905, 2025, 2135, 2255","0730, 0905, 1038, 1205, 1510, 1800, 1905, 2025, 2135, 2255","0710, 0845, 1018, 1145, 1450, 1740, 1845, 2005, 2115, 2235","0710, 0845, 1018, 1145, 1450, 1740, 1845, 2005, 2115, 2235","인천공항2터미널, 인천공항1터미널, 월드컵파크7단지, 수색교, 수색역앞, 디지털미디어시티역, DMC 래미안e편한세상, 모래내시장(가좌역), 연희삼거리, 서대문구청, 그랜드힐튼호텔, 홍제역, 홍제삼거리, 무악재역, 안산초등학교(서울), 독립문역, 영천시장(서대문), 신라스테이, 바비엥스위트, 프레이져 플레이스 센트럴, 프레이져 플레이스 남대문, 서울시청(서울신문사)","1F : 5B",B1F : 28
서울,"6200 ","0530","2245","0550","0530","2305","2245","17000",우등,서울공항리무진(02-577-1343~5),"0550, 0630, 0650, 0710, 0735, 0755, 0825, 0850, 0910, 0940, 1005, 1025, 1055, 1140, 1220, 1255, 1315, 1340, 1400, 1425, 1455, 1520, 1540, 1605, 1635, 1715, 1740, 1810, 1840, 1915, 1940, 2010, 2040, 2105, 2145, 2220, 2245, 2305","0550, 0630, 0650, 0710, 0735, 0755, 0825, 0850, 0910, 0940, 1005, 1025, 1055, 1140, 1220, 1255, 1315, 1340, 1400, 1425, 1455, 1520, 1540, 1605, 1635, 1715, 1740, 1810, 1840, 1915, 1940, 2010, 2040, 2105, 2145, 2220, 2245, 2305","0530, 0610, 0630, 0650, 0715, 0735, 0805, 0830, 0850, 0920, 0945, 1005, 1035, 1120, 1200, 1235, 1255, 1320, 1340, 1405, 1435, 1500, 1520, 1545, 1615, 1655, 1720, 1750, 1820, 1855, 1920, 1950, 2020, 2045, 2125, 2200, 2225, 2245","0530, 0610, 0630, 0650, 0715, 0735, 0805, 0830, 0850, 0920, 0945, 1005, 1035, 1120, 1200, 1235, 1255, 1320, 1340, 1405, 1435, 1500, 1520, 1545, 1615, 1655, 1720, 1750, 1820, 1855, 1920, 1950, 2020, 2045, 2125, 2200, 2225, 2245","인천공항2터미널, 인천공항1터미널, 잠실역(직통), 잠실장미아파트, 잠실파크리오아파트, 올림픽회관, 풍납극동,쌍용아파트, 강동구청, 천호역, 강동역.강풀만화거리입구, 길동사거리, 강동자이아파트, 상일초교, 황산(하남)","1F : 4B",B1F : 14
서울,N6001(서울역),,,"0020",,"0440",,"17000",일반,공항리무진(02-2664-9898),"0020, 0100, 0200, 0300, 0340, 0440","0020, 0100, 0200, 0300, 0340, 0440",,,"인천공항1터미널, 송정역, 염창역.골든서울호텔, 서울역","1F : 6A",
서울,N6000(강남고속터미널),"0040","0000","0040","0000","2358","0000","10000",일반,공항리무진(02-2664-9898),"0040, 0140, 0240, 0320, 0420, 2358","0040, 0140, 0240, 0320, 0420, 2358",,,"인천공항1터미널, 송정역, 염창역.골든서울호텔, 강남고속버스터미널","1F : 6A",
서울,"6102 ","0600","2245","0620","0600","2305","2245","18000",우등,한국도심공항(02-551-0077~8),"0620, 0655, 0735, 0815, 0845, 0920, 0955, 1030, 1105, 1140, 1215, 1245, 1320, 1355, 1430, 1505, 1545, 1625, 1700, 1745, 1810, 1845, 1910, 1940, 2010, 2050, 2120, 2155, 2240, 2305","0620, 0655, 0735, 0815, 0845, 0920, 0955, 1030, 1105, 1140, 1215, 1245, 1320, 1355, 1430, 1505, 1545, 1625, 1700, 1745, 1810, 1845, 1910, 1940, 2010, 2050, 2120, 2155, 2240, 2305","0600, 0635, 0715, 0755, 0825, 0900, 0935, 1010, 1045, 1120, 1155, 1225, 1300, 1335, 1410, 1445, 1525, 1605, 1640, 1725, 1750, 1825, 1850, 1920, 1950, 2030, 2100, 2135, 2220, 2245","0600, 0635, 0715, 0755, 0825, 0900, 0935, 1010, 1045, 1120, 1155, 1225, 1300, 1335, 1410, 1445, 1525, 1605, 1640, 1725, 1750, 1825, 1850, 1920, 1950, 2030, 2100, 2135, 2220, 2245","인천공항2터미널, 인천공항1터미널, 정릉입구(직통), 길음(도심공항), 종암사거리입구, 숭례초교(고려대), 미아사거리역, 미아역, 수유역(강북구청), 쌍문역, 도봉등기소","1F : 7A",B1F : 22
서울,N6002,"0100","0400","0120","0100","0420","0400",,일반,공항리무진(02-2664-9898),"0120, 0420","0120, 0420","0100, 0400","0100, 0400","인천공항2터미널, 인천공항1터미널, 송정역, 염창역.골든서울호텔, 서울역","1F : 6A",B1F : 24
서울,"6008 ","0645","2240","0705","0645","2300","2240","17000",우등,공항리무진(02-2664-9898),"0705, 0805, 0910, 1010, 1110, 1210, 1310, 1420, 1530, 1640, 1740, 1835, 1940, 2045, 2150, 2300","0705, 0805, 0910, 1010, 1110, 1210, 1310, 1420, 1530, 1640, 1740, 1835, 1940, 2045, 2150, 2300","0645, 0745, 0850, 0950, 1050, 1150, 1250, 1400, 1510, 1620, 1720, 1815, 1920, 2025, 2130, 2240","0645, 0745, 0850, 0950, 1050, 1150, 1250, 1400, 1510, 1620, 1720, 1815, 1920, 2025, 2130, 2240","인천공항2터미널, 인천공항1터미널, 증미역, 염동초교.염창보람더하임아파트, 나이아가라호텔, 선유도역 더스테이트호텔, 당산역, 당산삼성A, 영등포구청역 현대아파트, 진로A, 문래역 문래자이A, 영등포자이A, 도림사거리, 래미안프레비뉴A, 포레나신길A, 신풍역, 래미안 에스티움, 보라매 SK뷰, 해군호텔","1F : 6B",B1F : 32
서울,"6018","0650","2220","0710","0650","2240","2220","17000",우등,공항리무진(02-2664-9898),"0710, 0925, 1130, 1300, 1500, 1725, 1825, 1920, 2030, 2130, 2240","0710, 0925, 1130, 1300, 1500, 1725, 1825, 1920, 2030, 2130, 2240","0650, 0905, 1110, 1240, 1440, 1705, 1805, 1900, 2010, 2110, 2220","0650, 0905, 1110, 1240, 1440, 1705, 1805, 1900, 2010, 2110, 2220","인천공항2터미널, 인천공항1터미널, 개화산역, 방화사거리, 방화동 도시개발2단지, 양천향교역, 양천초교, 서울호서전문대,등촌주공 3단지, 한국가스공사, KBS스포츠월드, 강서구청사거리(서울디지털대학교), 등촌역(강서보건소), 염창역.골든서울호텔, 신목동역, 목동1단지(이대목동병원), 목동2단지(목동5단지), 목동3단지(파리공원), 목동4단지상가.목동종합운동장, 목동현대백화점, 오목교역, 신정교입구, 신도림역, 신도림역(디큐브시티아파트)","1F : 6B",B1F : 32
서울,"6300","0530","2247","0550","0530","2307","2247","17000",우등,서울공항리무진(02-577-1343~5),"0550, 0620, 0650, 0712, 0732, 0752, 0812, 0832, 0855, 0915, 0937, 1005, 1025, 1050, 1115, 1140, 1215, 1245, 1318, 1345, 1410, 1435, 1452, 1515, 1540, 1605, 1635, 1705, 1730, 1755, 1820, 1845, 1910, 1935, 2005, 2035, 2110, 2130, 2152, 2215, 2247, 2307","0550, 0620, 0650, 0712, 0732, 0752, 0812, 0832, 0855, 0915, 0937, 1005, 1025, 1050, 1115, 1140, 1215, 1245, 1318, 1345, 1410, 1435, 1452, 1515, 1540, 1605, 1635, 1705, 1730, 1755, 1820, 1845, 1910, 1935, 2005, 2035, 2110, 2130, 2152, 2215, 2247, 2307","0530, 0600, 0630, 0652, 0712, 0732, 0752, 0812, 0835, 0855, 0917, 0945, 1005, 1030, 1055, 1120, 1155, 1225, 1258, 1325, 1350, 1415, 1432, 1455, 1520, 1545, 1615, 1645, 1710, 1735, 1800, 1825, 1850, 1915, 1945, 2015, 2050, 2110, 2132, 2155, 2227, 2247","0530, 0600, 0630, 0652, 0712, 0732, 0752, 0812, 0835, 0855, 0917, 0945, 1005, 1030, 1055, 1120, 1155, 1225, 1258, 1325, 1350, 1415, 1432, 1455, 1520, 1545, 1615, 1645, 1710, 1735, 1800, 1825, 1850, 1915, 1945, 2015, 2050, 2110, 2132, 2155, 2227, 2247","인천공항2터미널, 인천공항1터미널, 수서역, 가락동, 가락시장, 경찰병원, 오금역, 오금동, 방이동, 올림픽선수촌아파트, 둔촌역, 길동역, 굽은다리역, 명일역, 명일동국민은행, 배재고, 고덕역, 상일동역 8번출구, 강일역,고덕리엔파크3,2 단지, 미사강변18단지, 강일리버10단지","1F : 4A",B1F : 16
서울,"6003 ","0530","2250","0550","0530","2310","2250","16000",우등,공항리무진(02-2664-9898),"0550, 0615, 0645, 0710, 0735, 0800, 0825, 0850, 0915, 0940, 1000, 1020, 1040, 1100, 1120, 1140, 1200, 1225, 1250, 1310, 1330, 1350, 1415, 1440, 1500, 1520, 1545, 1610, 1630, 1655, 1720, 1745, 1810, 1830, 1850, 1910, 1930, 1950, 2010, 2030, 2050, 2110, 2130, 2150, 2215, 2240, 2310","0550, 0615, 0645, 0710, 0735, 0800, 0825, 0850, 0915, 0940, 1000, 1020, 1040, 1100, 1120, 1140, 1200, 1225, 1250, 1310, 1330, 1350, 1415, 1440, 1500, 1520, 1545, 1610, 1630, 1655, 1720, 1745, 1810, 1830, 1850, 1910, 1930, 1950, 2010, 2030, 2050, 2110, 2130, 2150, 2215, 2240, 2310","0530, 0555, 0625, 0650, 0715, 0740, 0805, 0830, 0855, 0920, 0940, 1000, 1020, 1040, 1100, 1120, 1140, 1205, 1230, 1250, 1310, 1330, 1355, 1420, 1440, 1500, 1525, 1550, 1610, 1635, 1700, 1725, 1750, 1810, 1830, 1850, 1910, 1930, 1950, 2010, 2030, 2050, 2110, 2130, 2155, 2220, 2250","0530, 0555, 0625, 0650, 0715, 0740, 0805, 0830, 0855, 0920, 0940, 1000, 1020, 1040, 1100, 1120, 1140, 1205, 1230, 1250, 1310, 1330, 1355, 1420, 1440, 1500, 1525, 1550, 1610, 1635, 1700, 1725, 1750, 1810, 1830, 1850, 1910, 1930, 1950, 2010, 2030, 2050, 2110, 2130, 2155, 2220, 2250","인천공항2터미널, 인천공항1터미널, 김포공항, 송정역, 마곡역, 마곡동로 사거리, 발산역, 한국가스공사, KBS스포츠월드, 강서구청사거리(서울디지털대학교), 등촌중학교, 강서구의회, 대일고등학교, 목동사거리, 목동역, 갈산초등학교, 구로공구상가, 구로역(NC백화점), 구로구청, 대림역","1F : 6A",B1F : 24
서울,"6017","0630","2250","0650","0630","2310","2250","17000",우등,공항리무진(02-2664-9898),"0650, 0725, 0800, 0830, 0900, 0930, 1000, 1030, 1100, 1130, 1200, 1235, 1305, 1330, 1400, 1430, 1500, 1530, 1610, 1645, 1715, 1745, 1815, 1845, 1910, 1940, 2005, 2030, 2100, 2130, 2200, 2235, 2310","0650, 0725, 0800, 0830, 0900, 0930, 1000, 1030, 1100, 1130, 1200, 1235, 1305, 1330, 1400, 1430, 1500, 1530, 1610, 1645, 1715, 1745, 1815, 1845, 1910, 1940, 2005, 2030, 2100, 2130, 2200, 2235, 2310","0630, 0705, 0740, 0810, 0840, 0910, 0940, 1010, 1040, 1110, 1140, 1215, 1245, 1310, 1340, 1410, 1440, 1510, 1550, 1625, 1655, 1725, 1755, 1825, 1850, 1920, 1945, 2010, 2040, 2110, 2140, 2215, 2250","0630, 0705, 0740, 0810, 0840, 0910, 0940, 1010, 1040, 1110, 1140, 1215, 1245, 1310, 1340, 1410, 1440, 1510, 1550, 1625, 1655, 1725, 1755, 1825, 1850, 1920, 1945, 2010, 2040, 2110, 2140, 2215, 2250","인천공항2터미널, 인천공항1터미널, 공군호텔, 서울지방병무청, 보라매역.동작세무서, 보라매공원, 신대방현대아파트(경남아너스빌), 강남성심병원,대림성모병원(신대방경남A), 신라스테이구로(영림초등학교), 구로디지털단지역, 신대방역, 롯데백화점(관악점), 신림역, 봉천역, 봉천사거리, 서울대입구역, 낙성대입구, 서울대호암교수회관","1F : 6B",B1F : 27
서울,"6701","0515","2205","0535","0515","2225","2205","18000",우등,한국공항리무진(02-2667-0386),"0535, 0610, 0640, 0710, 0740, 0810, 0845, 0910, 0943, 1010, 1035, 1105, 1130, 1202, 1227, 1255, 1320, 1345, 1410, 1435, 1500, 1528, 1555, 1625, 1653, 1715, 1740, 1808, 1838, 1920, 2005, 2050, 2135, 2225","0535, 0610, 0640, 0710, 0740, 0810, 0845, 0910, 0943, 1010, 1035, 1105, 1130, 1202, 1227, 1255, 1320, 1345, 1410, 1435, 1500, 1528, 1555, 1625, 1653, 1715, 1740, 1808, 1838, 1920, 2005, 2050, 2135, 2225","0515, 0550, 0620, 0650, 0720, 0750, 0825, 0850, 0923, 0950, 1015, 1045, 1110, 1142, 1207, 1235, 1300, 1325, 1350, 1415, 1440, 1508, 1535, 1605, 1633, 1655, 1720, 1748, 1818, 1900, 1945, 2030, 2115, 2205","0515, 0550, 0620, 0650, 0720, 0750, 0825, 0850, 0923, 0950, 1015, 1045, 1110, 1142, 1207, 1235, 1300, 1325, 1350, 1415, 1440, 1508, 1535, 1605, 1633, 1655, 1720, 1748, 1818, 1900, 1945, 2030, 2115, 2205","인천공항2터미널, 인천공항1터미널, 마포역(서울가든호텔), 공덕역(롯데시티호텔마포.신라스테이마포), 광화문(코리아나호텔), 시청(더플라자호텔), 소공동(웨스틴조선호텔), 을지로입구역(롯데호텔서울), 명동(해운센터), 광화문(프레스센터), 시청역(서소문)","1F : 3B",B1F : 18
서울,"6702","0545","2245","0605","0545","2305","2245","18000",우등,한국공항리무진(02-2667-0386),"0605, 0645, 0735, 0815, 0900, 0945, 1020, 1100, 1145, 1215, 1250, 1325, 1405, 1445, 1530, 1605, 1650, 1725, 1755, 1830, 1910, 1955, 2035, 2115, 2200, 2235, 2305","0605, 0645, 0735, 0815, 0900, 0945, 1020, 1100, 1145, 1215, 1250, 1325, 1405, 1445, 1530, 1605, 1650, 1725, 1755, 1830, 1910, 1955, 2035, 2115, 2200, 2235, 2305","0545, 0625, 0715, 0755, 0840, 0925, 1000, 1040, 1125, 1155, 1230, 1305, 1345, 1425, 1510, 1545, 1630, 1705, 1735, 1810, 1850, 1935, 2015, 2055, 2140, 2215, 2245","0545, 0625, 0715, 0755, 0840, 0925, 1000, 1040, 1125, 1155, 1230, 1305, 1345, 1425, 1510, 1545, 1630, 1705, 1735, 1810, 1850, 1935, 2015, 2055, 2140, 2215, 2245","인천공항2터미널, 인천공항1터미널, 마포역(서울가든호텔), 공덕역(롯데시티호텔마포.신라스테이마포), 숭례문(라마다&스위트호텔), 서울역, 남산(밀레니엄서울힐튼호텔), 보성여중고입구, 이태원2동 주민센터, 남산(그랜드하얏트서울호텔), 버티고개역, 약수역, 장충체육관앞, 장충동(써미트호텔서울), 동대문(더스프라지르서울동대문), 동대문디자인플라자(DDP), 동대문역(JW메리어트호텔동대문), 동대문역사문화공원, 동국대입구(앰배서더서울풀만호텔)","1F : 3B",B1F : 18
서울,"6015","0520","2300","0540","0520","2320","2300","17000",우등,공항리무진(02-2664-9898),"0540, 0600, 0620, 0635, 0655, 0710, 0725, 0742, 0758, 0814, 0829, 0844, 0858, 0910, 0921, 0932, 0943, 0953, 1003, 1013, 1023, 1033, 1043, 1054, 1105, 1116, 1127, 1138, 1149, 1200, 1211, 1222, 1233, 1244, 1255, 1306, 1317, 1328, 1339, 1350, 1400, 1410, 1419, 1428, 1437, 1446, 1455, 1505, 1515, 1525, 1535, 1545, 1555, 1605, 1615, 1625, 1635, 1645, 1656, 1707, 1718, 1730, 1742, 1754, 1806, 1819, 1832, 1845, 1858, 1911, 1924, 1938, 1952, 2006, 2020, 2034, 2048, 2102, 2116, 2130, 2145, 2200, 2220, 2240, 2300, 2320","0540, 0600, 0620, 0635, 0655, 0710, 0725, 0742, 0758, 0814, 0829, 0844, 0858, 0910, 0921, 0932, 0943, 0953, 1003, 1013, 1023, 1033, 1043, 1054, 1105, 1116, 1127, 1138, 1149, 1200, 1211, 1222, 1233, 1244, 1255, 1306, 1317, 1328, 1339, 1350, 1400, 1410, 1419, 1428, 1437, 1446, 1455, 1505, 1515, 1525, 1535, 1545, 1555, 1605, 1615, 1625, 1635, 1645, 1656, 1707, 1718, 1730, 1742, 1754, 1806, 1819, 1832, 1845, 1858, 1911, 1924, 1938, 1952, 2006, 2020, 2034, 2048, 2102, 2116, 2130, 2145, 2200, 2220, 2240, 2300, 2320","0520, 0540, 0600, 0615, 0635, 0650, 0705, 0722, 0738, 0754, 0809, 0824, 0838, 0850, 0901, 0912, 0923, 0933, 0943, 0953, 1003, 1013, 1023, 1034, 1045, 1056, 1107, 1118, 1129, 1140, 1151, 1202, 1213, 1224, 1235, 1246, 1257, 1308, 1319, 1330, 1340, 1350, 1359, 1408, 1417, 1426, 1435, 1445, 1455, 1505, 1515, 1525, 1535, 1545, 1555, 1605, 1615, 1625, 1636, 1647, 1658, 1710, 1722, 1734, 1746, 1759, 1812, 1825, 1838, 1851, 1904, 1918, 1932, 1946, 2000, 2014, 2028, 2042, 2056, 2110, 2125, 2140, 2200, 2220, 2240, 2300","0520, 0540, 0600, 0615, 0635, 0650, 0705, 0722, 0738, 0754, 0809, 0824, 0838, 0850, 0901, 0912, 0923, 0933, 0943, 0953, 1003, 1013, 1023, 1034, 1045, 1056, 1107, 1118, 1129, 1140, 1151, 1202, 1213, 1224, 1235, 1246, 1257, 1308, 1319, 1330, 1340, 1350, 1359, 1408, 1417, 1426, 1435, 1445, 1455, 1505, 1515, 1525, 1535, 1545, 1555, 1605, 1615, 1625, 1636, 1647, 1658, 1710, 1722, 1734, 1746, 1759, 1812, 1825, 1838, 1851, 1904, 1918, 1932, 1946, 2000, 2014, 2028, 2042, 2056, 2110, 2125, 2140, 2200, 2220, 2240, 2300","인천공항2터미널, 인천공항1터미널, 마포역(서울가든호텔), 공덕역(롯데시티호텔마포.신라스테이마포), 아현동주민센터, 마포경찰서, 아현초(애오개역), 충정로역, 브라운스위츠(한국경제신문사), 남대문시장(스프라지르명동), 이비스명동호텔, 로얄호텔(을지로입구), 을지로2가(파인에비뉴), 국도호텔(을지로4가), 중구청, 충무로역(PJ호텔), G3호텔(한옥마을), 명동역","1F : 5B",B1F : 28
서울,"6500 (개포동)","0620","2123","0640","0620","2143","2123","17000",우등,서울공항리무진(02-577-1343~5),"0640, 0740, 0848, 1327, 1430, 1525, 1950, 2050, 2143","0640, 0740, 0848, 1327, 1430, 1525, 1950, 2050, 2143","0620, 0720, 0828, 1307, 1410, 1505, 1930, 2030, 2123","0620, 0720, 0828, 1307, 1410, 1505, 1930, 2030, 2123","인천공항2터미널, 인천공항1터미널, 포이사거리,삼호물산, 구룡초등학교, 현대1차,우성3차아파트, 수도공고앞, 개포6단지앞, 강남우체국","1F : 4A",B1F : 15
서울,"6600 (위례,마천역)","0635","2110","0655","0635","2130","2110","17000",우등,서울공항리무진(02-577-1343~5),"0655, 0758, 0903, 1308, 1411, 1505, 1923, 2023, 2130","0655, 0758, 0903, 1308, 1411, 1505, 1923, 2023, 2130","0635, 0738, 0843, 1248, 1351, 1445, 1903, 2003, 2110","0635, 0738, 0843, 1248, 1351, 1445, 1903, 2003, 2110","인천공항2터미널, 인천공항1터미널, 하나로마트, 코트라, 서초포레스타2단지앞, 세곡푸르지오, 은곡마을,강남신동아파밀리에, 세곡2지구 3.4단지, 송파푸르지오시티,한화오벨리스트, 장지역, 위례31단지,위례포레샤인후문, 위례아이파크아파트앞, 송례중학교,위례아이파크, 위례동주민센터,위례스타힐스, 위례송파더센트레, 송파푸르지오, 서울세계로병원, 거여역 6번출구, 마천역, 송파파크센트럴","1F : 4B",B1F : 15
서울,"6020","0555","2242","0615","0555","2302","2242","17000",우등,서울공항리무진(02-577-1343~5),"0615, 0645, 0707, 0727, 0747, 0820, 0850, 0932, 1000, 1045, 1125, 1150, 1220, 1250, 1323, 1350, 1425, 1447, 1520, 1600, 1640, 1715, 1745, 1825, 1850, 1920, 1955, 2025, 2105, 2157, 2235, 2302","0615, 0645, 0707, 0727, 0747, 0820, 0850, 0932, 1000, 1045, 1125, 1150, 1220, 1250, 1323, 1350, 1425, 1447, 1520, 1600, 1640, 1715, 1745, 1825, 1850, 1920, 1955, 2025, 2105, 2157, 2235, 2302","0555, 0625, 0647, 0707, 0727, 0800, 0830, 0912, 0940, 1025, 1105, 1130, 1200, 1230, 1303, 1330, 1405, 1427, 1500, 1540, 1620, 1655, 1725, 1805, 1830, 1900, 1935, 2005, 2045, 2137, 2215, 2242","0555, 0625, 0647, 0707, 0727, 0800, 0830, 0912, 0940, 1025, 1105, 1130, 1200, 1230, 1303, 1330, 1405, 1427, 1500, 1540, 1620, 1655, 1725, 1805, 1830, 1900, 1935, 2005, 2045, 2137, 2215, 2242","인천공항2터미널, 인천공항1터미널, 구반포, 신반포, 강남터미널, 반포자이아파트, 삼호아파트, 삼풍아파트, 교대역, 프로비스타호텔, 유원아파트, 강남역, 역삼역","1F : 4B",B1F : 16
서울,"6014","0610","2255","0630","0610","2315","2255","16000",우등,공항리무진(02-2664-9898),"0630, 0715, 0755, 0835, 0915, 0955, 1030, 1100, 1130, 1205, 1235, 1315, 1355, 1435, 1510, 1545, 1625, 1700, 1740, 1810, 1840, 1910, 1940, 2015, 2045, 2125, 2200, 2240, 2315","0630, 0715, 0755, 0835, 0915, 0955, 1030, 1100, 1130, 1205, 1235, 1315, 1355, 1435, 1510, 1545, 1625, 1700, 1740, 1810, 1840, 1910, 1940, 2015, 2045, 2125, 2200, 2240, 2315","0610, 0655, 0735, 0815, 0855, 0935, 1010, 1040, 1110, 1145, 1215, 1255, 1335, 1415, 1450, 1525, 1605, 1640, 1720, 1750, 1820, 1850, 1920, 1955, 2025, 2105, 2140, 2220, 2255","0610, 0655, 0735, 0815, 0855, 0935, 1010, 1040, 1110, 1145, 1215, 1255, 1335, 1415, 1450, 1525, 1605, 1640, 1720, 1750, 1820, 1850, 1920, 1955, 2025, 2105, 2140, 2220, 2255","인천공항2터미널, 인천공항1터미널, 김포공항, 강서면허시험장(메이필드호텔), 화곡입구, 서서울호수공원, 과학수사연구소, 강신중학교, 서부트럭터미널, 호텔 베르누이,오류동입구, 개봉고가, 개봉역입구, 개봉교, 광명사거리역, 철산역(광명경찰서), 복지관운동장(광명이편한세상), 광명실내체육관, 광명우체국사거리, 소하3단지, 소하동, 충현중(이원익기념관), 이케아,롯데아울렛광명, 광명","1F : 6A",B1F : 25
서울,"6019 (내방역)","0645","2245","0705","0645","2305","2245","17000",우등,공항리무진(02-2664-9898),"0705, 0750, 0840, 0940, 1025, 1105, 1145, 1230, 1310, 1405, 1455, 1550, 1640, 1730, 1810, 1850, 1930, 2020, 2115, 2205, 2305","0705, 0750, 0840, 0940, 1025, 1105, 1145, 1230, 1310, 1405, 1455, 1550, 1640, 1730, 1810, 1850, 1930, 2020, 2115, 2205, 2305","0645, 0730, 0820, 0920, 1005, 1045, 1125, 1210, 1250, 1345, 1435, 1530, 1620, 1710, 1750, 1830, 1910, 2000, 2055, 2145, 2245","0645, 0730, 0820, 0920, 1005, 1045, 1125, 1210, 1250, 1345, 1435, 1530, 1620, 1710, 1750, 1830, 1910, 2000, 2055, 2145, 2245","인천공항2터미널, 인천공항1터미널, 여의도메리어트호텔, 지적공사.여의도자이아파트, 공군호텔, 서울지방병무청, 서울공업고등학교, 신대방삼거리, 핸드픽트호텔, 장승배기, 상도역, 숭실대입구역, 숭실대별관앞, 사당롯데캐슬골든포레,해그린, 총신대, 남성역, 남성초등학교, 이수역(사당우체국), 내방역","1F : 6B",B1F : 27
경기,"3200","0540","2250","0600","0540","2310","2250","9000",일반,대원고속(02-455-2114),"0600, 0730, 1020, 1100, 1150, 1450, 1520, 1600, 1910, 1940, 2005, 2310","0600, 0730, 1020, 1100, 1150, 1450, 1520, 1600, 1910, 1940, 2005, 2310","0540, 0710, 1000, 1040, 1130, 1430, 1500, 1540, 1850, 1920, 1945, 2250","0540, 0710, 1000, 1040, 1130, 1430, 1500, 1540, 1850, 1920, 1945, 2250","인천공항2터미널, 인천공항1터미널, 서정마을, 행신동, 행신초교, 샘터마을2단지, 무원마을10단지앞, 능곡역, 능곡초교, 허스아파트, 토당고가, 고양경찰서, 별빛마을8단지, 화정역(롯데마트), 덕양구청, 덕양단독주택단지, 명지병원, 화정1주민센터, 고양어울림누리, 성사2동주민센터, 신원당마을7단지, 동양쇼핑,세창짜임아파트, 원당래미안아파트, 성사고교","1F : 9B",B1F : 42
경기,"9000","0555","2150","0610","0555","2210","2150","7000",일반,선진운수(031-983-8133),"0610, 0750, 0900, 1000, 1300, 1600, 1830, 2000, 2210","0610, 0750, 0900, 1000, 1300, 1600, 1830, 2000, 2210","0555, 0730, 0840, 0940, 1240, 1540, 1810, 1940, 2150","0555, 0730, 0840, 0940, 1240, 1540, 1810, 1940, 2150","인천공항2터미널, 인천공항1터미널, 용산동입구(김포시), 한가람마을우미린, 구래역(김포시), 힐스테이트.경남아너스빌, 뉴고려병원(김포시), 초당마을.주공아파트(김포시), 반도유보라2차(김포시), 풍경마을(김포시), 걸포초교(김포시), 김포환승센터","1F : 9B",B1F : 44
경기,"8852","0620","2215","0640","0620","2235","2215","15000",우등,경남여객(031-321-3721),"0640, 0740, 0805, 0835, 0855, 0915, 0925, 0945, 1025, 1135, 1220, 1310, 1355, 1435, 1515, 1555, 1640, 1655, 1735, 1755, 1835, 1920, 2000, 2055, 2135, 2155, 2235","0640, 0740, 0805, 0835, 0855, 0915, 0925, 0945, 1025, 1135, 1220, 1310, 1355, 1435, 1515, 1555, 1640, 1655, 1735, 1755, 1835, 1920, 2000, 2055, 2135, 2155, 2235","0620, 0720, 0745, 0815, 0835, 0855, 0905, 0925, 1005, 1115, 1200, 1250, 1335, 1415, 1455, 1535, 1620, 1635, 1715, 1735, 1815, 1900, 1940, 2035, 2115, 2135, 2215","0620, 0720, 0745, 0815, 0835, 0855, 0905, 0925, 1005, 1115, 1200, 1250, 1335, 1415, 1455, 1535, 1620, 1635, 1715, 1735, 1815, 1900, 1940, 2035, 2115, 2135, 2215","인천공항2터미널, 인천공항1터미널, 수원광교박물관, 광교마을, 현대홈타운, 풍덕고교사거리(지역난방), 용인포은아트홀(죽전역), 보정역,보정고등학교, 연원마을(구성역), 신갈역, 세종그랑시아(기흥역), 강남대역, 어정역, 월드메르디앙, 용인","1F : 7A",B1F : 40
경기,"7200","0620","2115","0640","0620","2135","2115","11600",우등,경기고속(02-455-2114),"0640, 0725, 0800, 0915, 0940, 1010, 1040, 1215, 1245, 1320, 1435, 1515, 1535, 1615, 1735, 1805, 1845, 2005, 2035, 2110, 2135","0640, 0725, 0800, 0915, 0940, 1010, 1040, 1215, 1245, 1320, 1435, 1515, 1535, 1615, 1735, 1805, 1845, 2005, 2035, 2110, 2135","0620, 0705, 0740, 0855, 0920, 0950, 1020, 1155, 1225, 1300, 1415, 1455, 1515, 1555, 1715, 1745, 1825, 1945, 2015, 2050, 2115","0620, 0705, 0740, 0855, 0920, 0950, 1020, 1155, 1225, 1300, 1415, 1455, 1515, 1555, 1715, 1745, 1825, 1945, 2015, 2050, 2115","인천공항2터미널, 인천공항1터미널, 송추IC, 흥선브라운스톤아파트, 의정부시청, 범골입구,상우고교, 의정부3동우체국, 의정부역, 부대찌개거리, 의정부 신도브래뉴 정문, 의정부차고지","1F : 10B",B1F : 43
경기,"5300","0610","2140","0630","0610","2200","2140","13000, 13000","일반,우등",경기고속(02-455-2114),"0630, 0705, 0750, 0820, 0850, 0920, 0950, 1010, 1105, 1135, 1240, 1320, 1350, 1440, 1520, 1600, 1630, 1710, 1750, 1820, 1920, 1950, 2020, 2050, 2200","0630, 0705, 0750, 0820, 0850, 0920, 0950, 1010, 1105, 1135, 1240, 1320, 1350, 1440, 1520, 1600, 1630, 1710, 1750, 1820, 1920, 1950, 2020, 2050, 2200","0610, 0645, 0730, 0800, 0830, 0900, 0930, 0950, 1045, 1115, 1220, 1300, 1330, 1420, 1500, 1540, 1610, 1650, 1730, 1800, 1900, 1930, 2000, 2030, 2140","0610, 0645, 0730, 0800, 0830, 0900, 0930, 0950, 1045, 1115, 1220, 1300, 1330, 1420, 1500, 1540, 1610, 1650, 1730, 1800, 1900, 1930, 2000, 2030, 2140","인천공항2터미널, 인천공항1터미널, 서현역, 이매역, 야탑역, 모란역, 세이브존(성남), 을지대(성남)","1F : 9A",B1F : 39
경기,"7000","0630","2240","0650","0630","2300","2240","8400",우등,선진고속(031-402-4741),"0650, 0710, 0735, 0800, 0815, 0840, 0900, 0920, 0935, 1000, 1025, 1045, 1100, 1120, 1145, 1205, 1220, 1240, 1300, 1325, 1350, 1415, 1435, 1455, 1525, 1550, 1615, 1640, 1705, 1730, 1800, 1820, 1835, 1855, 1915, 1940, 2005, 2030, 2055, 2120, 2145, 2210, 2235, 2300","0650, 0710, 0735, 0800, 0815, 0840, 0900, 0920, 0935, 1000, 1025, 1045, 1100, 1120, 1145, 1205, 1220, 1240, 1300, 1325, 1350, 1415, 1435, 1455, 1525, 1550, 1615, 1640, 1705, 1730, 1800, 1820, 1835, 1855, 1915, 1940, 2005, 2030, 2055, 2120, 2145, 2210, 2235, 2300","0630, 0650, 0715, 0740, 0755, 0820, 0840, 0900, 0915, 0940, 1005, 1025, 1040, 1100, 1125, 1145, 1200, 1220, 1240, 1305, 1330, 1355, 1415, 1435, 1505, 1530, 1555, 1620, 1645, 1710, 1740, 1800, 1815, 1835, 1855, 1920, 1945, 2010, 2035, 2100, 2125, 2150, 2215, 2240","0630, 0650, 0715, 0740, 0755, 0820, 0840, 0900, 0915, 0940, 1005, 1025, 1040, 1100, 1125, 1145, 1200, 1220, 1240, 1305, 1330, 1355, 1415, 1435, 1505, 1530, 1555, 1620, 1645, 1710, 1740, 1800, 1815, 1835, 1855, 1920, 1945, 2010, 2035, 2100, 2125, 2150, 2215, 2240","인천공항2터미널, 인천공항1터미널, 배곧중심상가, 함송상가, 시화이마트, 시흥관광호텔,시화초교, 샛뿔, 안산역, 안산터미널","1F : 8A",B1F : 38
경기,"7001","0640","2220","0700","0640","2240","2220","8100",우등,선진고속(031-402-4741),"0700, 0745, 0835, 0925, 1020, 1110, 1200, 1250, 1340, 1425, 1510, 1605, 1710, 1750, 1830, 1920, 2010, 2105, 2150, 2240","0700, 0745, 0835, 0925, 1020, 1110, 1200, 1250, 1340, 1425, 1510, 1605, 1710, 1750, 1830, 1920, 2010, 2105, 2150, 2240","0640, 0725, 0815, 0905, 1000, 1050, 1140, 1230, 1320, 1405, 1450, 1545, 1650, 1730, 1810, 1900, 1950, 2045, 2130, 2220","0640, 0725, 0815, 0905, 1000, 1050, 1140, 1230, 1320, 1405, 1450, 1545, 1650, 1730, 1810, 1900, 1950, 2045, 2130, 2220","인천공항2터미널, 인천공항1터미널, 시흥ABC행복타운, 소새울역, 소사역, 부천소방서, 부천","1F : 8A",B1F : 37
경기,"8877","0630","2010","0650","0630","2030","2010","12200",우등,경남여객(031-321-3721),"0650, 0750, 0920, 0950, 1020, 1210, 1330, 1520, 1650, 1725, 1800, 1900, 2030","0650, 0750, 0920, 0950, 1020, 1210, 1330, 1520, 1650, 1725, 1800, 1900, 2030","0630, 0730, 0900, 0930, 1000, 1150, 1310, 1500, 1630, 1705, 1740, 1840, 2010","0630, 0730, 0900, 0930, 1000, 1150, 1310, 1500, 1630, 1705, 1740, 1840, 2010","인천공항2터미널, 인천공항1터미널, 광교중앙.아주대역환승센터, 수원컨벤션센터, 흥덕지구입구, 신갈(용인), 한국민속촌","1F : 7A",B1F : 40
경기,N7000,"0010","0350","0030","0010","0410","0350","8400",우등,선진고속(031-402-4741),"0030, 0410","0030, 0410","0010, 0350","0010, 0350","인천공항2터미널, 인천공항1터미널, 배곧중심상가, 함송상가, 시화이마트, 시흥관광호텔,시화초교, 샛뿔, 안산역, 안산터미널","1F : 8A",B1F : 38
경기,"4100","0930","1750","0950","0930","1810","1750","12000",우등,경기공항리무진(031-269-9500),,,,,,"1F : 8A",
경기,"8843","0810","2310","0830","0810","2330","2310","20200",우등,경기고속(02-455-2114),"0830, 0850, 0950, 1030, 1100, 1200, 1430, 1500, 1550, 1630, 1800, 1820, 1900, 1955, 2200, 2230, 2300, 2330","0830, 0850, 0950, 1030, 1100, 1200, 1430, 1500, 1550, 1630, 1800, 1820, 1900, 1955, 2200, 2230, 2300, 2330","0810, 0830, 0930, 1010, 1040, 1140, 1410, 1440, 1530, 1610, 1740, 1800, 1840, 1935, 2140, 2210, 2240, 2310","0810, 0830, 0930, 1010, 1040, 1140, 1410, 1440, 1530, 1610, 1740, 1800, 1840, 1935, 2140, 2210, 2240, 2310","인천공항2터미널, 인천공항1터미널, 김포공항, 동구동주민센터(구리), 시외,공항버스정류장(구리), 도농역, 금곡중고등학교, 평내농협,평내초교, 천마산휴게소, 원병원(마석)","1F : 8B",B1F : 44
경기,"4000","0740","2210","0800","0740","2230","2210","12000, 12000","일반,우등",경기공항리무진(031-269-9500),,,,,,"1F : 8A",
경기,"8829","0700","2205","0720","0700","2225","2205","21100",우등,경기고속(02-455-2114),"0720, 0820, 0945, 1045, 1145, 1400, 1525, 2115, 2225","0720, 0820, 0945, 1045, 1145, 1400, 1525, 2115, 2225","0700, 0800, 0925, 1025, 1125, 1340, 1505, 2055, 2205","0700, 0800, 0925, 1025, 1125, 1340, 1505, 2055, 2205","인천공항2터미널, 인천공항1터미널, 김포공항, 한국관광대, 도예촌삼거리, 이천","1F : 8B",B1F : 42
경기,"5500(감일/위례행)","0825","1830","0845","0825","1850","1830","13600",우등,경기고속(02-455-2114),"0845, 1035, 1540, 1850","0845, 1035, 1540, 1850","0825, 1015, 1520, 1830","0825, 1015, 1520, 1830","인천공항2터미널, 인천공항1터미널, 시흥하늘휴게소, 통계청(성남),태평역, 포레스티아서문(성남), 밀리토피아호텔(위례), 위례 호반써밋에비뉴, 스타필드시티(위례), 북위례입구, 감일중,한라비발디(하남), 감일문화공원(하남)","1F : 8B",B1F : 44
경기,"7400","0610","1900","0630","0610","1920","1900","6500",우등,경기고속(02-455-2114),,,,,,"1F : 9B",B1F : 42
경기,"6770","0600","2205","0625","0600","2235","2205","16000",우등,한국철도공사(),"0625, 0645, 0715, 0735, 0755, 0815, 0845, 0905, 0935, 1005, 1035, 1105, 1125, 1145, 1205, 1225, 1255, 1325, 1355, 1425, 1455, 1525, 1545, 1605, 1625, 1645, 1705, 1725, 1745, 1805, 1825, 1845, 1905, 1925, 1945, 2005, 2025, 2045, 2105, 2125, 2155, 2235","0625, 0645, 0715, 0735, 0755, 0815, 0845, 0905, 0935, 1005, 1035, 1105, 1125, 1145, 1205, 1225, 1255, 1325, 1355, 1425, 1455, 1525, 1545, 1605, 1625, 1645, 1705, 1725, 1745, 1805, 1825, 1845, 1905, 1925, 1945, 2005, 2025, 2045, 2105, 2125, 2155, 2235","0600, 0620, 0650, 0710, 0730, 0750, 0820, 0840, 0910, 0940, 1010, 1040, 1100, 1120, 1140, 1200, 1230, 1300, 1330, 1400, 1430, 1500, 1520, 1540, 1600, 1620, 1640, 1700, 1720, 1740, 1800, 1820, 1840, 1900, 1920, 1940, 2000, 2020, 2040, 2100, 2130, 2205","0600, 0620, 0650, 0710, 0730, 0750, 0820, 0840, 0910, 0940, 1010, 1040, 1100, 1120, 1140, 1200, 1230, 1300, 1330, 1400, 1430, 1500, 1520, 1540, 1600, 1620, 1640, 1700, 1720, 1740, 1800, 1820, 1840, 1900, 1920, 1940, 2000, 2020, 2040, 2100, 2130, 2205","인천공항2터미널, 인천공항1터미널, 송도국제교, KTX 광명역","1F : 8B",B1F : 45
경기,"8849","0805","2035","0825","0805","2055","2035","16000",우등,경기고속(02-455-2114),"0825, 1005, 1325, 1525, 1655, 2055","0825, 1005, 1325, 1525, 1655, 2055","0805, 0945, 1305, 1505, 1635, 2035","0805, 0945, 1305, 1505, 1635, 2035","인천공항2터미널, 인천공항1터미널, 김포공항, 미사강변2차푸르지오.센트리버, 미사역, 풍산초교입구, 덕풍시장.더샵센트럴뷰, 하남시청, 하남BRT","1F : 8B",B1F : 44
경기,"5400(단국대죽전)","0845","1745","0905","0845","1805","1745","12600, 12600","일반,우등",경기고속(02-455-2114),"0905, 1300, 1805","0905, 1300, 1805","0845, 1240, 1745","0845, 1240, 1745","인천공항2터미널, 인천공항1터미널, 서현역, 수내역, 정자역, 미금역, 오리역, 내대지마을, 단국대(죽전캠퍼스)","1F : 9A",B1F : 39
경기,"5400(오리역)","0630","2200","0650","0630","2220","2200","11900, 11900","일반,우등",경기고속(02-455-2114),"0650, 0735, 0810, 0835, 0935, 1000, 1025, 1050, 1120, 1200, 1220, 1335, 1420, 1500, 1540, 1610, 1650, 1720, 1740, 1835, 1850, 1935, 2005, 2035, 2105, 2140, 2220","0650, 0735, 0810, 0835, 0935, 1000, 1025, 1050, 1120, 1200, 1220, 1335, 1420, 1500, 1540, 1610, 1650, 1720, 1740, 1835, 1850, 1935, 2005, 2035, 2105, 2140, 2220","0630, 0715, 0750, 0815, 0915, 0940, 1005, 1030, 1100, 1140, 1200, 1315, 1400, 1440, 1520, 1550, 1630, 1700, 1720, 1815, 1830, 1915, 1945, 2015, 2045, 2120, 2200","0630, 0715, 0750, 0815, 0915, 0940, 1005, 1030, 1100, 1140, 1200, 1315, 1400, 1440, 1520, 1550, 1630, 1700, 1720, 1815, 1830, 1915, 1945, 2015, 2045, 2120, 2200","인천공항2터미널, 인천공항1터미널, 서현역, 수내역, 정자역, 미금역, 오리역","1F : 9A",B1F : 39
경기,"8844","0800","1900","0820","0800","1920","1900","18200",우등,경기고속(02-455-2114),"0820, 1120, 1545, 1920","0820, 1120, 1545, 1920","0800, 1100, 1525, 1900","0800, 1100, 1525, 1900","인천공항2터미널, 인천공항1터미널, 김포공항, KCC(별내), 신일유토빌A(별내), 별내역, 극동아파트(퇴계원), 내각농협(내각리), 봉현마을(장현), 오남역, 휴먼시아16단지,금강아파트, 정광산호A(진접), 센트레빌(진접), 광릉내","1F : 8B",B1F : 44
경기,N7001,"0010","0350","0030","0010","0410","0350","8100",우등,선진고속(031-402-4741),"0030, 0410","0030, 0410","0010, 0350","0010, 0350","인천공항2터미널, 인천공항1터미널, 시흥ABC행복타운, 소새울역, 소사역, 부천소방서, 부천","1F : 8A",B1F : 37
경기,"8822","0850","2240","0910","0850","2300","2240","19700",우등,대원고속(02-455-2114),"0910, 1240, 1620, 1950, 2300","0910, 1240, 1620, 1950, 2300","0850, 1220, 1600, 1930, 2240","0850, 1220, 1600, 1930, 2240","인천공항2터미널, 인천공항1터미널, 마도(화성시), 남양터미널, 화성시청, 향남(발안), 청북고등학교, 청북신도시, 안중","1F : 9A",B1F : 41
경기,"5000","0740","2130","0800","0740","2150","2130","13000",우등,경기고속(02-455-2114),"0800, 1020, 1400, 1620, 1910, 2150","0800, 1020, 1400, 1620, 1910, 2150","0740, 1000, 1340, 1600, 1850, 2130","0740, 1000, 1340, 1600, 1850, 2130","인천공항2터미널, 인천공항1터미널, 시흥하늘휴게소, 판교역(북편), 벌말육교, 판교SK플래닛,디지털센터, 판교박물관(성내미육교), 운중동행정복지센터, 판교(태영데시앙), 판교(대장초,중교), 판교(풍경채7단지)","1F : 9A",B1F : 39
경기,"4200-1","0645","2235","0705","0645","2255","2235","14000, 14000","일반,우등",경기공항리무진(031-269-9500),"0705, 0815, 0920, 1050, 1210, 1325, 1430, 1610, 1715, 1825, 1940, 2100, 2140, 2255","0705, 0815, 0920, 1050, 1210, 1325, 1430, 1610, 1715, 1825, 1940, 2100, 2140, 2255","0645, 0755, 0900, 1030, 1150, 1305, 1410, 1550, 1655, 1805, 1920, 2040, 2120, 2235","0645, 0755, 0900, 1030, 1150, 1305, 1410, 1550, 1655, 1805, 1920, 2040, 2120, 2235","인천공항2터미널, 인천공항1터미널, 안양역, 범계역, 군포산본","1F : 8A",B1F : 37
경기,"4100-2","0915","2025","0935","0915","2045","2025","15000, 15000","일반,우등","경기공항리무진(031-269-9500), 용남공항리무진()","0935, 1505, 2045","0935, 1505, 2045","0915, 1445, 2025","0915, 1445, 2025","인천공항2터미널, 인천공항1터미널, 서수원, 호매실도서관, 망포역, 영통(랜드마크호텔)","1F : 8A",B1F : 36
경기,"7500","0735","2000","0755","0735","2020","2000","8800, 8800","일반,우등",경기고속(02-455-2114),"0755, 0855, 1155, 1255, 1545, 1645, 1920, 2020","0755, 0855, 1155, 1255, 1545, 1645, 1920, 2020","0735, 0835, 1135, 1235, 1525, 1625, 1900, 2000","0735, 0835, 1135, 1235, 1525, 1625, 1900, 2000","인천공항2터미널, 인천공항1터미널, 도래울마을2,3단지, 원흥역, 삼송역, 지축역","1F : 9B",B1F : 42
경기,"8829","1225","1845","1245","1225","1905","1845","25400",우등,경기고속(02-455-2114),"1245, 1650, 1805, 1905","1245, 1650, 1805, 1905","1225, 1630, 1745, 1845","1225, 1630, 1745, 1845","인천공항2터미널, 인천공항1터미널, 김포공항, 한국관광대, 도예촌삼거리, 이천, 여주","1F : 8B",B1F : 42
경기,N5300,"0010","0350","0030","0010","0410","0350","13000",우등,경기고속(02-455-2114),"0030, 0410","0030, 0410","0010, 0350","0010, 0350","인천공항2터미널, 인천공항1터미널, 서현역, 이매역, 야탑역, 모란역, 세이브존(성남), 을지대(성남)","1F : 9A",B1F : 39
경기,N8877,"0010","0350","0030","0010","0410","0350","12200",우등,경남여객(031-321-3721),"0030, 0410","0030, 0410","0010, 0350","0010, 0350","인천공항2터미널, 인천공항1터미널, 광교중앙.아주대역환승센터, 수원컨벤션센터, 흥덕지구입구, 신갈(용인), 한국민속촌","1F : 7A",B1F : 40
경기,N8844,"0010","2230","0030","0010","2250","2230","18200",우등,경기고속(02-455-2114),"0030, 0410, 2250","0030, 0410, 2250","0010, 0350, 2230","0010, 0350, 2230","인천공항2터미널, 인천공항1터미널, KCC(별내), 신일유토빌A(별내), 별내역, 극동아파트(퇴계원), 내각농협(내각리), 봉현마을(장현), 오남역, 휴먼시아16단지,금강아파트, 정광산호A(진접), 센트레빌(진접), 광릉내","1F : 8B",B1F : 44
경기,N4000,"0010","0610","0030","0010","0630","0610","15000",우등,경기공항리무진(031-269-9500),"0030, 0410, 0630","0030, 0410, 0630","0010, 0350, 0610","0010, 0350, 0610","인천공항2터미널, 인천공항1터미널, 범계역, 의왕고천, 한일타운(북수원), 동수원(호텔캐슬)","1F : 8A",B1F : 36
경기,N7200,"0010","0350","0030","0010","0410","0350","11600",우등,경기고속(02-455-2114),"0030, 0410","0030, 0410","0010, 0350","0010, 0350","인천공항2터미널, 인천공항1터미널, 송추IC, 흥선브라운스톤아파트, 의정부시청, 범골입구,상우고교, 의정부3동우체국, 의정부역, 부대찌개거리, 의정부 신도브래뉴 정문, 의정부차고지","1F : 10B",B1F : 43
경기,"8842 ","0650","2305","0710","0650","2325","2305","19100",우등,경기고속(02-455-2114),"0710, 0915, 1040, 1145, 1315, 1430, 1530, 1630, 1730, 1905, 2050, 2155, 2230, 2325","0710, 0915, 1040, 1145, 1315, 1430, 1530, 1630, 1730, 1905, 2050, 2155, 2230, 2325","0650, 0855, 1020, 1125, 1255, 1410, 1510, 1610, 1710, 1845, 2030, 2135, 2210, 2305","0650, 0855, 1020, 1125, 1255, 1410, 1510, 1610, 1710, 1845, 2030, 2135, 2210, 2305","인천공항2터미널, 인천공항1터미널, 김포공항, 사당역(공항노선), 남태령, 과천주공 8,9단지, 과천정부청사, 과천푸르지오, 광주(경기)","1F : 9A",B1F : 41
경기,N8842 ,"0010","2340","0030","0010","2400","2340","19100",우등,경기고속(02-455-2114),"2400, 0030, 0410","2400, 0030, 0410","0010, 0350, 2340","0010, 0350, 2340","인천공항2터미널, 인천공항1터미널, 사당역(공항노선), 남태령, 과천주공 8,9단지, 과천정부청사, 과천푸르지오, 광주(경기)","1F : 9A",B1F : 41
경기,"5300","1150","1640","1210","1150","1700","1640","11900",우등,경기고속(02-455-2114),"1210, 1700","1210, 1700","1150, 1640","1150, 1640","인천공항2터미널, 인천공항1터미널, 서현역, 이매역, 야탑역, 모란역","1F : 9A",B1F : 39
경기,N8843,"0010","0350","0030","0010","0410","0350","20200",우등,경기고속(02-455-2114),"0030, 0410","0030, 0410","0010, 0350","0010, 0350","인천공항2터미널, 인천공항1터미널, 동구동주민센터(구리), 시외,공항버스정류장(구리), 도농역, 금곡중고등학교, 평내농협,평내초교, 천마산휴게소, 원병원(마석)","1F : 8B",B1F : 42
경기,"5600","0735","1820","0755","0735","1840","1820","17400",우등,경기고속(02-455-2114),"0755, 0935, 1050, 1610, 1725, 1840","0755, 0935, 1050, 1610, 1725, 1840","0735, 0915, 1030, 1550, 1705, 1820","0735, 0915, 1030, 1550, 1705, 1820","인천공항2터미널, 인천공항1터미널, 소노캄 호텔, 제1킨텍스, 숲속길마을7단지, 산내마을6,8단지(운정), 두레공원, 지산중학교, 한빛마을 3,6단지, 야당역(한빛5.9단지), 한길육교, 가람마을 3.4.6단지, 금릉역, 금촌역, 월롱역, 문산고속버스정류장","1F : 9B",B1F : 41
경기,"7400","0740","2340","0800","0740","2400","2340","9000",우등,경기고속(02-455-2114),"2400, 0800, 0900, 1000, 1210, 1310, 1410, 1630, 1730, 1830, 2030, 2110, 2210","2400, 0800, 0900, 1000, 1210, 1310, 1410, 1630, 1730, 1830, 2030, 2110, 2210","0740, 0840, 0940, 1150, 1250, 1350, 1610, 1710, 1810, 2010, 2050, 2150, 2340","0740, 0840, 0940, 1150, 1250, 1350, 1610, 1710, 1810, 2010, 2050, 2150, 2340","인천공항2터미널, 인천공항1터미널, 서정마을, 행신동, 행신초교, 고양경찰서, 별빛마을8단지, 화정역(롯데마트), 덕양단독주택단지, 명지병원, 화정1주민센터, 고양어울림누리, 성사2동주민센터, 신원당마을7단지, 동국대병원, 위시티(3,4단지)","1F : 9B",B1F : 42
경기,"4000","0650","2245","0710","0650","2305","2245","15000",우등,경기공항리무진(031-269-9500),"0710, 0750, 0820, 0900, 0930, 1000, 1030, 1100, 1140, 1220, 1300, 1340, 1415, 1500, 1530, 1610, 1640, 1705, 1740, 1810, 1840, 1920, 2000, 2035, 2105, 2135, 2200, 2225, 2240, 2305","0710, 0750, 0820, 0900, 0930, 1000, 1030, 1100, 1140, 1220, 1300, 1340, 1415, 1500, 1530, 1610, 1640, 1705, 1740, 1810, 1840, 1920, 2000, 2035, 2105, 2135, 2200, 2225, 2240, 2305","0650, 0730, 0800, 0840, 0910, 0940, 1010, 1040, 1120, 1200, 1240, 1320, 1355, 1440, 1510, 1550, 1620, 1645, 1720, 1750, 1820, 1900, 1940, 2015, 2045, 2115, 2140, 2205, 2220, 2245","0650, 0730, 0800, 0840, 0910, 0940, 1010, 1040, 1120, 1200, 1240, 1320, 1355, 1440, 1510, 1550, 1620, 1645, 1720, 1750, 1820, 1900, 1940, 2015, 2045, 2115, 2140, 2205, 2220, 2245","인천공항2터미널, 인천공항1터미널, 경기인재개발원, 한일타운(북수원), 라마다프라자수원호텔, 동수원(호텔캐슬)","1F : 8A",B1F : 36
경기,"4400","0630","1905","0650","0630","1925","1905","14000",우등,경기공항리무진(031-269-9500),"0650, 0740, 1220, 1330, 1650, 1925","0650, 0740, 1220, 1330, 1650, 1925","0630, 0720, 1200, 1310, 1630, 1905","0630, 0720, 1200, 1310, 1630, 1905","인천공항2터미널, 인천공항1터미널, 관악역(안양), 인덕원, 의왕고천, 군포산본","1F : 8A",B1F : 37
경기,"8835 ","0935","1650","0955","0935","1710","1650","19700",우등,대원고속(02-455-2114),"0955, 1710","0955, 1710","0935, 1650","0935, 1650","인천공항2터미널, 인천공항1터미널, 화성세무서, 봉담국민체육센터, 봉담중심상가, 화성에듀시티파라곤, 신일해피트리2차(봉담), 융건릉사거리, 안녕동(우미린2차), 향남(발안), 안중","1F : 9A",B1F : 41
경기,"8866","0830","1950","0850","0830","2010","1950","15900",우등,경남여객(031-321-3721),"0850, 1115, 1830, 2010","0850, 1115, 1830, 2010","0830, 1055, 1810, 1950","0830, 1055, 1810, 1950","인천공항2터미널, 인천공항1터미널, 광교중앙.아주대역환승센터, 수원컨벤션센터, 흥덕지구입구, 신갈(용인), 한국민속촌, 양지사거리, 양지(공항헹)","1F : 7A",B1F : 40
경기,"4100","0615","2250","0635","0615","2310","2250","15000",우등,경기공항리무진(031-269-9500),"0635, 0700, 0730, 0800, 0825, 0850, 0910, 0950, 1010, 1110, 1135, 1200, 1230, 1305, 1330, 1345, 1400, 1420, 1440, 1525, 1550, 1645, 1710, 1735, 1800, 1825, 1850, 1910, 1930, 1955, 2020, 2100, 2125, 2220, 2245, 2310","0635, 0700, 0730, 0800, 0825, 0850, 0910, 0950, 1010, 1110, 1135, 1200, 1230, 1305, 1330, 1345, 1400, 1420, 1440, 1525, 1550, 1645, 1710, 1735, 1800, 1825, 1850, 1910, 1930, 1955, 2020, 2100, 2125, 2220, 2245, 2310","0615, 0640, 0710, 0740, 0805, 0830, 0850, 0930, 0950, 1050, 1115, 1140, 1210, 1245, 1310, 1325, 1340, 1400, 1420, 1505, 1530, 1625, 1650, 1715, 1740, 1805, 1830, 1850, 1910, 1935, 2000, 2040, 2105, 2200, 2225, 2250","0615, 0640, 0710, 0740, 0805, 0830, 0850, 0930, 0950, 1050, 1115, 1140, 1210, 1245, 1310, 1325, 1340, 1400, 1420, 1505, 1530, 1625, 1650, 1715, 1740, 1805, 1830, 1850, 1910, 1935, 2000, 2040, 2105, 2200, 2225, 2250","인천공항2터미널, 인천공항1터미널, 서수원, 수원역, 수원터미널, 아이파크캐슬2단지.롯데엘클래스, 망포역, 영통(랜드마크호텔)","1F : 8A",B1F : 36
경기,"3300","0545","2315","0605","0545","2335","2315","9000",일반,명성운수(031-912-7031),"0605, 0620, 0635, 0650, 0705, 0720, 0735, 0750, 0805, 0820, 0835, 0845, 0905, 0925, 0935, 1000, 1015, 1030, 1050, 1105, 1120, 1140, 1155, 1210, 1225, 1240, 1300, 1315, 1330, 1350, 1405, 1420, 1440, 1455, 1510, 1530, 1545, 1605, 1620, 1635, 1645, 1710, 1725, 1740, 1800, 1815, 1830, 1850, 1905, 1920, 1940, 1955, 2010, 2030, 2045, 2105, 2120, 2135, 2155, 2210, 2230, 2245, 2300, 2320, 2335","0605, 0620, 0635, 0650, 0705, 0720, 0735, 0750, 0805, 0820, 0835, 0845, 0905, 0925, 0935, 1000, 1015, 1030, 1050, 1105, 1120, 1140, 1155, 1210, 1225, 1240, 1300, 1315, 1330, 1350, 1405, 1420, 1440, 1455, 1510, 1530, 1545, 1605, 1620, 1635, 1645, 1710, 1725, 1740, 1800, 1815, 1830, 1850, 1905, 1920, 1940, 1955, 2010, 2030, 2045, 2105, 2120, 2135, 2155, 2210, 2230, 2245, 2300, 2320, 2335","0545, 0600, 0615, 0630, 0645, 0700, 0715, 0730, 0745, 0800, 0815, 0825, 0845, 0905, 0915, 0940, 0955, 1010, 1030, 1045, 1100, 1120, 1135, 1150, 1205, 1220, 1240, 1255, 1310, 1330, 1345, 1400, 1420, 1435, 1450, 1510, 1525, 1545, 1600, 1615, 1625, 1650, 1705, 1720, 1740, 1755, 1810, 1830, 1845, 1900, 1920, 1935, 1950, 2010, 2025, 2045, 2100, 2120, 2135, 2150, 2210, 2225, 2240, 2300, 2315","0545, 0600, 0615, 0630, 0645, 0700, 0715, 0730, 0745, 0800, 0815, 0825, 0845, 0905, 0915, 0940, 0955, 1010, 1030, 1045, 1100, 1120, 1135, 1150, 1205, 1220, 1240, 1255, 1310, 1330, 1345, 1400, 1420, 1435, 1450, 1510, 1525, 1545, 1600, 1615, 1625, 1650, 1705, 1720, 1740, 1755, 1810, 1830, 1845, 1900, 1920, 1935, 1950, 2010, 2025, 2045, 2100, 2120, 2135, 2150, 2210, 2225, 2240, 2300, 2315","인천공항2터미널, 인천공항1터미널, 이마트, 국제업무단지(공항청사), 김포TG 김포영업소, 백석동, 안산공원, 흰돌마을, 마두(마두역), 일산동구청, 일산동부경찰서, 강선마을, 주엽역, 문촌마을, 일산서구청, 대화역, 송포파출소,송포농협, 양우아파트, 대화동차고지","1F : 9B",B1F : 43
경기,"8282","0655","2055","0715","0655","2115","2055","15000",우등,경남여객(031-321-3721),"0715, 0755, 1335, 1415, 2035, 2115","0715, 0755, 1335, 1415, 2035, 2115","0655, 0735, 1315, 1355, 2015, 2055","0655, 0735, 1315, 1355, 2015, 2055","인천공항2터미널, 인천공항1터미널, 수원광교박물관, 풍덕고교사거리(지역난방), 용인포은아트홀(죽전역), 연원마을(구성역), 어정역, 용인","1F : 7A",B1F : 40
경기,"8834","0740","2300","0800","0740","2320","2300","19000",우등,대원고속(02-455-2114),"0800, 0840, 0930, 1510, 1550, 1640, 2200, 2240, 2320","0800, 0840, 0930, 1510, 1550, 1640, 2200, 2240, 2320","0740, 0820, 0910, 1450, 1530, 1620, 2140, 2220, 2300","0740, 0820, 0910, 1450, 1530, 1620, 2140, 2220, 2300","인천공항2터미널, 인천공항1터미널, 오산, 공도, 안성","1F : 9A",B1F : 41
경기,"8864","0750","2310","0810","0750","2330","2310","16300",우등,"경기고속(02-455-2114), 대원고속(02-455-2114)","0810, 0900, 0950, 1100, 1150, 1300, 1400, 1520, 1600, 1650, 1750, 1900, 2000, 2100, 2210, 2250, 2330","0810, 0900, 0950, 1100, 1150, 1300, 1400, 1520, 1600, 1650, 1750, 1900, 2000, 2100, 2210, 2250, 2330","0750, 0840, 0930, 1040, 1130, 1240, 1340, 1500, 1540, 1630, 1730, 1840, 1940, 2040, 2150, 2230, 2310","0750, 0840, 0930, 1040, 1130, 1240, 1340, 1500, 1540, 1630, 1730, 1840, 1940, 2040, 2150, 2230, 2310","인천공항2터미널, 인천공항1터미널, 송탄, 장당동, 지제, 평택","1F : 9A",B1F : 41
경기,"4200","0710","2250","0730","0710","2310","2250","14000",우등,경기공항리무진(031-269-9500),"0730, 0755, 0830, 0855, 0945, 1005, 1025, 1115, 1145, 1240, 1300, 1345, 1410, 1455, 1515, 1540, 1640, 1700, 1740, 1805, 1850, 1910, 2000, 2020, 2040, 2125, 2155, 2215, 2235, 2310","0730, 0755, 0830, 0855, 0945, 1005, 1025, 1115, 1145, 1240, 1300, 1345, 1410, 1455, 1515, 1540, 1640, 1700, 1740, 1805, 1850, 1910, 2000, 2020, 2040, 2125, 2155, 2215, 2235, 2310","0710, 0735, 0810, 0835, 0925, 0945, 1005, 1055, 1125, 1220, 1240, 1325, 1350, 1435, 1455, 1520, 1620, 1640, 1720, 1745, 1830, 1850, 1940, 2000, 2020, 2105, 2135, 2155, 2215, 2250","0710, 0735, 0810, 0835, 0925, 0945, 1005, 1055, 1125, 1220, 1240, 1325, 1350, 1435, 1455, 1520, 1620, 1640, 1720, 1745, 1830, 1850, 1940, 2000, 2020, 2105, 2135, 2155, 2215, 2250","인천공항2터미널, 인천공항1터미널, 관악역(안양), 범계역, 금정역, 군포산본","1F : 8A",B1F : 37
경기,"4800 ","0745","2130","0805","0745","2150","2130","14100",우등,경기고속(02-455-2114),"0805, 1020, 1450, 1730, 2150","0805, 1020, 1450, 1730, 2150","0745, 1000, 1430, 1710, 2130","0745, 1000, 1430, 1710, 2130","인천공항2터미널, 인천공항1터미널, 별내동(불암산영업소), 갈매역(구리), 롯데캐슬(다산), 이편한세상(다산), 금강펜테리움2차(다산), 덕소역, 두산아파트(덕소), 쌍용스위닷홈(덕소)","1F : 8B",B1F : 44
경기,"8837","0705","2200","0725","0705","2220","2200","16800",우등,대원고속(02-455-2114),"0725, 0740, 0755, 0810, 0835, 0850, 0910, 0940, 1005, 1040, 1115, 1155, 1235, 1305, 1340, 1405, 1425, 1440, 1500, 1520, 1535, 1600, 1610, 1630, 1655, 1720, 1755, 1815, 1840, 1910, 1935, 2000, 2015, 2035, 2050, 2105, 2125, 2140, 2200, 2220","0725, 0740, 0755, 0810, 0835, 0850, 0910, 0940, 1005, 1040, 1115, 1155, 1235, 1305, 1340, 1405, 1425, 1440, 1500, 1520, 1535, 1600, 1610, 1630, 1655, 1720, 1755, 1815, 1840, 1910, 1935, 2000, 2015, 2035, 2050, 2105, 2125, 2140, 2200, 2220","0705, 0720, 0735, 0750, 0815, 0830, 0850, 0920, 0945, 1020, 1055, 1135, 1215, 1245, 1320, 1345, 1405, 1420, 1440, 1500, 1515, 1540, 1550, 1610, 1635, 1700, 1735, 1755, 1820, 1850, 1915, 1940, 1955, 2015, 2030, 2045, 2105, 2120, 2140, 2200","0705, 0720, 0735, 0750, 0815, 0830, 0850, 0920, 0945, 1020, 1055, 1135, 1215, 1245, 1320, 1345, 1405, 1420, 1440, 1500, 1515, 1540, 1550, 1610, 1635, 1700, 1735, 1755, 1820, 1850, 1915, 1940, 1955, 2015, 2030, 2045, 2105, 2120, 2140, 2200","인천공항2터미널, 인천공항1터미널, 병점중심상가, 동탄(모아미래도), 동탄(능동주공), 동탄(다은마을), 동탄(신라호텔), 동탄(라마다호텔), 동탄역(포스코더샵,롯데캐슬), 동탄(호수부영3차), 동탄(자이파밀리에)","1F : 8B",B1F : 38
경기,"7100 (동두천,연천) new","0830","2035","0850","0830","2055","2035","20700",우등,경기고속(02-455-2114),"0850, 1325, 1650, 2055","0850, 1325, 1650, 2055","0830, 1305, 1630, 2035","0830, 1305, 1630, 2035","인천공항2터미널, 인천공항1터미널, 양주역, 덕현초등학교(양주), 옥정마을16단지, 덕계역, 양주경찰서, 지행역, 생골사거리, 보산역, 동두천역, 소요산역, 전곡, 연천","1F : 10B",B1F : 43
경기,"8829(김포미경유)","2240","2240","2300","2240","2300","2240","21100",우등,경기고속(02-455-2114),"2300","2300","2240","2240","인천공항2터미널, 인천공항1터미널, 한국관광대, 도예촌삼거리, 이천","1F : 8B",B1F : 42
인천,"111","0450","2040","0450",,"2040",,"2600",일반,미래교통(032-575-1738),"0450, 2040","0450, 2040",,,"십정동차고지, 십정사거리, 선린감리교회, 백영아파트, 상정고, 백운공원(부평아트센터), 부평도서관, 현대아파트, 2001아울렛, 부원중학교, 부평역, 부평시장, 부평시장역(부평대로우체국), 백마장입구, 부평구청·부평세무서, 부평구청역, 삭은다리한국지엠, 하나아파트, 두산아파트, 갈산동아아파트, 삼산타운1단지, 삼산사거리, 브라운스톤.엠코타운아파트, 광명아파트, 한림병원, 계양CGV, 계양경찰서, 롯데마트계양점(고용복지센터), 안산초등학교(구계산고교), 계산역, 계산동우체국, 신동양아파트, 교통연수원, 부대앞, 공촌정수장, 인천서부교육지원청, 경남아파트, 공촌사거리, 우성아파트, 경서지구입구, 주물단지, LG마그나, 서부공단입구, 북인천하부TG(미정차), 금산IC(미정차), 인천공항T1(3층2번), 인천공항T1(3층7번), 인천공항T1(3층13번), 하얏트호텔, 국립인천공항","3F : 7G, 7, 2, 13, 2G, 13G| 1F : 2B, 13B",
인천,"202","0510","2230","0510",,"2230",,"1600",일반,영종운수(032-568-5551),"0510, 2230","0510, 2230",,,"인천공항T1장기주차장, 인천공항T1(1층2B), 인천공항T1(1층13B), 합동청사역, 국제업무단지(공항청사), 그린나래지하차도, 금홍염전, 운남동우체국, 해맞이공원앞, 중구청소년수련관.하늘중학교, LH7단지, 영종e편한세상센텀베뉴·화성파크드림2차, 영종e편한세상센텀베뉴.센트럴푸르지오자이, e편한세상영종센텀베뉴정문, 우미린2단지정문, 신명스카이뷰정문, 동보노빌리티, 영종블루오션2차, 힐스테이트, 한라비발디, 화성파크드림.스카이시티자이, 서한이다음아파트정문, 영종서희스타힐스정문, 영종서희스타힐스옆문, 중산교차로, 중촌교차로, 잔다리새마을, 운남교차로, 운남교차로.잔다리, 원성골, 허브주유소, 영종역(운북차고지·청라방향), 청라국제도시역(경명대로), 국립생물자원관, 하나금융그룹통합데이터센터, 청라국제도시역(청라국제교방향), 하나글로벌캠퍼","3F : 6G, 14G| 1F : 13B",
인천,"203","0520","2240","0000","0520","2300","2240","1600",일반,영종운수(032-568-5551),,,"0520, 2240","0520, 2240","영종버스공영차고지, 운북공영차고지, 젓개마을, 예드림빌라입구, 벌판마을입구, 영종역(하늘도시·전소방향), 허브주유소, 원성골, 운남교차로.잔다리, 운남교차로, 잔다리새마을, 중촌교차로, 중산교차로, 영종KCC스위첸옆문, 영종KCC스위첸.한양수자인, 영종센트럴푸르지오자이.e편한세상센텀베뉴, 영종화성파크드림2차·e편한세상센텀베뉴, LH7단지, 영종국제도시수자인, 신명스카이뷰, 신명스카이뷰정문, 동보노빌리티, 영종블루오션2차, 영종국제병원, e편한세상영종오션하임, LH49단지행복주택아파트, 영종진공원, 영종선착장입구, 영종진공원, 중산고등학교, 영종2동행정복지센터, 영종LH67단지, 한신더휴스카이파크, 하늘초등학교후문·한신더휴2차후문, 돌팍재삼거리, 옹진축협, 중산동(중촌), 중산동, 영종교회, 관창마을, 전소, 영종물류고등학교앞·영종자이아파트",,"B1F : 8| 3F : 3, 10, 1| 1F : 6, 6, 2, 2, 1"
인천,"223","0550","2320","0550",,"2320",,"1600",일반,예성교통1(032-578-1738),"0550, 2320","0550, 2320",,,"영종역(하늘도시·전소방향), 허브주유소, 원성골, 운남교차로.잔다리, 운남교차로, 잔다리새마을, 중촌교차로, 중산교차로, 옹진축협, 돌팍재삼거리, 하늘초등학교후문·한신더휴2차후문, 한신더휴스카이파크, 화성파크드림오션브릿지, 영종2동행정복지센터, 중산중학교, 호반써밋스카이센트럴1차아파트, 영종하늘도서관, 화성파크드림후문.한라비발디, 한라비발디, 힐스테이트, 영종블루오션2차, 동보노빌리티, 신명스카이뷰, 우미린2단지후문, 동원로얄듀크마리나포레, LH7단지, 영종e편한세상센텀베뉴·화성파크드림2차, 영종e편한세상센텀베뉴.센트럴푸르지오자이, 한양수자인, 영종서희스타힐스옆문, 중산동(중촌), 중산동, 영종교회, 관창마을, 전소, 영종물류고등학교앞·영종자이아파트, 남디4거리, 영종중학교, 운남동, 운서초등학교, 넙디, 영종고등학교, LH1단지,","3F : 6G, 6, 14, 14G",
인천,"302","0540","2250","0540",,"2250",,"2600",일반,강인교통(032-581-1738),"0540, 2250","0540, 2250",,,"십정동차고지, 십정사거리, 선린감리교회, 백영아파트, 상정고, 백운공원(부평아트센터), 부평도서관, 현대아파트, 2001아울렛, 부원중학교, 부평역(대한극장), 부평역, 힘찬병원, 부흥초등학교, 부흥오거리(부흥아파트), 정병원, 부개여자고등학교, 부평동중, 수변로삼거리, 부개성일아파트, 부개역, 송내고교입구, 자동차매매단지, 송내역.영화의거리, 법원.검찰청.복사골문화센터.반달마을, 사랑마을벽산.선경.삼익아파트, 포도마을, 금강마을, 중원고등학교, 부천테크노파크1단지, 서운일반산업단지입구, 계양체육관(아시아드양궁장), 계양체육관(벨로드롬경기장), 대동아파트후문, 동보아파트, 계양구청, 신대진중앙아파트, 안산초등학교(구계산고교), 계산역, 계산동우체국, 신동양아파트, 계양산장미원입구, 경남아파트, 공촌사거리, 우성아파트, 경서지구입구, 주물단","3F : 7G, 7, 2, 13, 2G, 13G| 1F : 2A, 13B",
인천,"306","0440","2040","0440",,"2040",,"2600",일반,청라교통(032-584-1738),"0440, 2040","0440, 2040",,,"십정동차고지, 린나이코리아, 귀뚜라미보일러, 공단본부, 한미반도체, 인천의료원, 자동차매매단지, 가구단지사거리, 송림고가교, 재능대학교서문, 현대시장, 동구청소년수련관.달동네박물관, 배다리, 동인천역, 동인천역북광장, 송현시장.수도국산달동네박물관, 솔빛마을, 솔빛마을주공아파트, 동국제강, 현대제철정문, 공구상가, 신북항고가교, 태양공단, 중봉로교차로, 풍림엑슬루타워, 린스트라우스, 중흥S클래스, 대우자동차운전학원, 낚시터입구, 우진기계, 동양하이테크, 한주글로벌, LG마그나, 서부공단입구, 북인천하부TG(미정차), 금산IC(미정차), 인천공항T1(3층2번), 인천공항T1(3층7번), 인천공항T1(3층13번), 하얏트호텔, 국립인천공항검역소, 무의도입구, 덕교동, 한국도심공항터미널, 스타파이브입구, 인천공항전망대, 나룻개입구, 나룻개, 용유초등학교, 서릿목, ","3F : 7G, 7, 2, 13, 2G, 13G| 1F : 2A, 13B",
인천,"308","0620","2240","0640","0620","2300","2240","2600",일반,청라교통(032-584-1738),"0640, 2300","0640, 2300","0620, 2240","0620, 2240","북변환승센터.구터미널, 사우역.김포고, 사우고교.김포시청(직행), 길훈4차아파트, 장릉입구, 수행마을.홈플러스, 양도사거리.대림아파트.신안아파트, 당곡고개, 현대아파트, 유현마을.신동아아파트, 유현사거리, 아라동행정복지센터, 아라역7번출구, 금강펜테리움더시글로, 서구영어마을, 원당사거리.검단선사박물관, 삼정프라자, 참빛감리교회, 검단소방서, 당하푸르지오, 당하동탑스빌아파트, 엘리지안타운, 백석고가(하이마트), 독정역(서구동구예비군훈련장), 백석중.고등학교, 한들마을입구(유아교육진흥원), 검암역입구, 검암사거리, 서해아파트, 검암경서동행정복지센터, 삼보아파트, 간재울초등학교, 서곶지구대, 빈정내사거리, 우성아파트, 경서지구입구, 주물단지, LG마그나, 서부공단입구, 북인천하부TG(미정차), 금산IC(미정차), 인천공항T1(3층7번), 인천공항T1(3","3F : 7G, 7, 13, 13G| 1F : 2B, 13B","B1F : 8| 3F : 3, 10, 1| 1F : 6, 6, 2, 8, 3, 2, 1"
인천,"303","0500","2300","0500",,"2300",,"2600",일반,강인교통(032-581-1738),"0500, 2300","0500, 2300",,,"십정동차고지, 십정시장입구, 동암사거리, 간석오거리역(7번출구), 간석오거리(인천웨딩홀), 올리브백화점, 간석금호어울림아파트, 구월중학교, 길병원, 길병원사거리, 성리초등학교, 구월도매전통시장, 롯데백화점(인천터미널), 풍림아파트, 인명여자고등학교, 문학경기장(박태환수영장), 선학체육관(하키경기장), 선학역, 연수병원, 연수초등학교, 인천적십자병원(풍림아파트), 대우아파트, 연수주공3차아파트, 연수대동아파트, 연수구청입구, 동춘역, 동막역(3번출구), 성지아파트, 신송고등학교, 송도풍림아이원4단지, 먼우금초등학교, 송도1동행정복지센터, 해양경찰청, 이안송도, 인천대교TG(미정차), 인천공항T1(3층2번), 인천공항T1(3층7번), 인천공항T1(3층13번), 인천공항T1(1층2A), 인천공항T1(1층13B), 합동청사역, 국제업무단지(공항청사), 인천대교TG(미정차), 더프라우, 송","3F : 7G, 7, 2, 13, 2G, 13G| 1F : 2A, 13B",
인천,"307","0540","2240",,"0540",,"2240","2600",일반,청라교통(032-584-1738),,,"0540, 2240","0540, 2240","십정동차고지, 린나이코리아, 귀뚜라미보일러, 공단본부, 한미반도체, 인천의료원, 자동차매매단지, 가구단지사거리, 송림고가교, 재능대학교서문, 현대시장, 동구청소년수련관.달동네박물관, 미림극장, 화도진공원.화도진도서관, 동일방직, 인천역(차이나타운), 중구청, 신포시장, 동인천역, 동인천역북광장, 송현시장.수도국산달동네박물관, 솔빛마을주공아파트, 현대제철정문, 공구상가, 태양공단, 중봉로교차로, 풍림엑슬루타워, 린스트라우스, 중흥S클래스, 청라로데오시티포레안, LG마그나, 서부공단입구, 북인천하부TG(미정차), 허브주유소, 원성골, 운남교차로.잔다리, 운남교차로, 잔다리새마을, 중촌교차로, 중산교차로, 영종KCC스위첸옆문, 우미린1단지후문, 우미린1단지정문, 스카이시티자이.화성파크드림, 한라비발디, 힐스테이트, 영종블루오션2차, 동보노빌리",,"B1F : 8| 3F : 3, 10, 1| 1F : 6, 6, 2, 8, 3, 2, 1"
인천,"303-1","0600","2245","0620","0600","2305","2245","2600",일반,강인교통(032-581-1738),"0620, 2305","0620, 2305","0600, 2245","0600, 2245","십정동차고지, 십정시장입구, 간석오거리(교원공제조합), 간석사거리(상인천중학교), 만수소방서, 인수초등학교, 남동구청, 큰방죽삼거리, 휴먼시아푸르내마을13단지, 논현단풍마을트리플에듀, 논현8단지동산마을, 청능로사거리, 논현고잔동행정복지센터, 에코메트로11단지, 에코메트로10단지, 남동소래아트홀, 장인가구, 송도세브란스병원, 연세대, 테크노파크IT센터, 테크노파크역, 웰카운티2단지, 웰카운티1단지, 지식정보단지역, 웰카운티4단지, 칼빈매니토바국제학교, 미추홀공원, 송도더샵퍼스트월드(서문), 송도더샵퍼스트월드, 해양경찰청, 이안송도, 인천대교TG(미정차), 인천공항T1(3층2번), 인천공항T1(3층7번), 인천공항T1(3층13번), 인천공항전망대(미정차), 인천공항T2(3)번출입구(3층), 인천공항T2(11)번출입구(3층), 인천공항T2(3)A(1층), 인천공항T2(8)B(1층), 인천공항전","3F : 7G, 7, 2, 13, 2G, 13G| 1F : 2A, 13B","B1F : 8| 3F : 3, 10, 1| 1F : 6, 6, 2, 8, 3, 2, 1"
인천,"204","0450","2100",,"0450",,"2100","1600",일반,영종운수(032-568-5551),,,"0450, 2100","0450, 2100","영종아레나, 인천소방항공대, 예단포, 오션포레베네스트하우스, 박촌마을입구, 공군8547부대앞, 영종역(하늘도시·전소방향), 허브주유소, 원성골, 운남교차로.잔다리, 운남교차로, 영종장로교회, 용궁사입구, 영종동행정복지센터, 운남초교사거리, 영종물류고등학교앞·영종자이아파트, 남디4거리, 영종중학교, e편한세상1차(정문), 푸르지오더스카이256동, 금호어울림, 넙디, 운서역금강펜테리움아파트, 은골공원, 운서역, 금호베스트빌1단지.영종도서관, 풍림1차205동, 하늘문화센터입구, 스태츠칩팩코리아, 체육공원앞, 물류단지F블럭앞, 사업.행정지원센터, 화물터미널, 인천공항충전소입구, 삼목선착장입구, 삼목선착장, 인천공항T2(3)번출입구(3층), 인천공항T2(11)번출입구(3층), 인스파이어리조트, 인스파이어리조트주차장, 왕산차고지, 마을회관입구, 왕산골, 왕산해수욕",,"B1F : 8| 3F : 3, 10, 1"
인천,"310","0550","2230","0550","0610","2230","2250","2600",일반,청룡교통(032-584-0890),"0550, 2230","0550, 2230","0610, 2250","0610, 2250","검단사거리역, 검단사거리(구.검단출장소), 완정초등학교.검단도서관, 마전역, 검단1차피오레·금호어울림아파트, 검단힐스테이트5차아파트, 완정사거리, 완정역4번출구, 당하동탑스빌아파트, 엘리지안타운, 백석고가(하이마트), 독정역(서구동구예비군훈련장), 백석중.고등학교, 한들마을입구(유아교육진흥원), 검암역입구, 검암사거리, 검바위역, 대인고등학교, 공촌사거리, 우성아파트, 경서지구입구, 주물단지, LG마그나, 서부공단입구, 인천공항T2(3)번출입구(3층), 인천공항T2(11)번출입구(3층), 하얏트호텔, 인천공항T1(3층2번), 인천공항T1(3층13번), 인천공항T1(1층2B), 인천공항T1(1층13B), 하얏트호텔, 인천공항T2(3)A(1층), 인천공항T2(8)B(1층), 청라국제도시역(경명대로), LG전자(주), LG마그나, 도림주철관공업(주), 서부공단입구, 우성아파트, 대인고등학교, 검바위역, 검암사거리","3F : 2, 13, 2G, 13G| 1F : 2B, 13B","B1F : 8| 3F : 3, 10, 1| 1F : 6, 6, 2, 8, 3, 2, 1"
인천,"330","0610","2250","0630","0610","2310","2250","2600",일반,신흥교통(032-888-3516),"0630, 2310","0630, 2310","0610, 2250","0610, 2250","신흥교통입구, 항운아파트, 신선초등학교(유림노르웨이숲), 조달청비축기지, 한국은행, 숭의역(1번출구), 미추홀퍼스트(3단지), 용현엘크루윈드포레, 용현사거리, 용현고개·용현자이크레스트, 인하대역(1번출구), 힐스테이트학익, 시티오씨엘3단지, 옥련여고입구, 송도고입구, 송도역, 옥련1동행정복지센터, 송도영남아파트, 청학아파트, 청학동.한국전력남인천지사, 성호아파트, 송도요양원, 먼우금사거리, 동아금호아파트, 연수구청입구, 동춘역, 동막역(3번출구), 성지아파트, 송도풍림아이원4단지, 먼우금초등학교, 송도1동행정복지센터, 해양경찰청, 이안송도, 인천대교TG(미정차), 인천공항T1(3층2번), 인천공항T1(3층7번), 인천공항T1(3층13번), 인천공항T2(3)번출입구(3층), 인천공항T2(11)번출입구(3층), 인천공항T2(3)A(1층), 인천공항T2(8)B(1층), 인천공항T1(1층2A), 인천공항T1(1층1","3F : 2, 13, 2G, 13G| 1F : 2B, 13B","B1F : 8| 3F : 3, 10, 1| 1F : 6, 6, 2, 8, 3, 2, 1"
인천,"205","0540","2340",,"0540",,"2340","1600",일반,영종운수(032-568-5551),,,"0540, 2340","0540, 2340","영종아레나, 인천소방항공대, 예단포, 오션포레베네스트하우스, 박촌마을입구, 공군8547부대앞, 영종역(하늘도시·전소방향), 허브주유소, 원성골, 운남교차로.잔다리, 운남교차로, 잔다리새마을, 중촌교차로, 중산교차로, 영종KCC스위첸옆문, 우미린1단지후문, 우미린1단지정문, 스카이시티자이.화성파크드림, 한라비발디, 힐스테이트, e편한세상영종오션하임, LH49단지행복주택아파트, 영종진공원, 영종역사관, 영종블루오션2차, 동보노빌리티, 신명스카이뷰, 우미린2단지정문, 한양수자인(후문), 영종센트럴푸르지오자이.e편한세상센텀베뉴, 영종화성파크드림2차·e편한세상센텀베뉴, LH7단지, 하늘중학교, 해맞이공원앞, 운남동우체국, 금홍염전, 그린나래지하차도, 인천공항T2(3)번출입구(3층), 인천공항T2(11)번출입구(3층), 그린나래지하차도, 금홍염전, 운남동우체국, 해맞",,"B1F : 8| 3F : 3, 10, 1| 1F : 6, 6, 2, 2, 1"
인천,"206","0520","2300","0520",,"2300",,"1600",일반,영종운수(032-568-5551),"0520, 2300","0520, 2300",,,"영종버스공영차고지, 영종아레나, 돌산밑, 고염나무골, 해송노인요양병원, 장촌마을, 장촌빌라, 벌판마을입구, 영종역(하늘도시·전소방향), 허브주유소, 원성골, 운남교차로.잔다리, 운남교차로, 잔다리새마을, 중촌교차로, 중산교차로, 영종KCC스위첸옆문, 우미린1단지후문, 우미린1단지정문, 스카이시티자이.화성파크드림, 한라비발디후문.화성파크드림, 영종하늘도서관, 호반써밋스카이센트럴1차아파트, 중산중학교, LH49단지행복주택아파트, e편한세상영종오션하임, 영종힐스테이트(904동), 영종블루오션, 하늘도시중심상가, 우미린2단지정문, 한양수자인(후문), 영종센트럴푸르지오자이.e편한세상센텀베뉴, 영종화성파크드림2차·e편한세상센텀베뉴, LH7단지, 하늘중학교, 해맞이공원앞, 운남동우체국, 금홍염전, e편한세상영종하늘도시, 푸르지오더스카이, 운서2차SKVIEW","3F : 6G, 6, 14, 14G",
인천,무의1,"0630","2000","0630",,"2000",,"1600",일반,예성교통(),"0630, 2000","0630, 2000",,,"인천공항T1(3층7번), 하얏트호텔, 국립인천공항검역소, 무의도입구, 용유역, 덕교동, 무의도입구, 거잠포선착장, 잠진도입구, 잠진도삼거리, 큰무리선착장, 실미삼거리, 목너머, 무의도주민자치센터, 하나개삼거리, 구름다리, 하나개해수욕장, 구름다리, 하나개삼거리, 사시미재, 광명항, 무의공영주차장, 광명항, 사시미재, 하나개삼거리, 구름다리, 하나개해수욕장, 구름다리, 하나개삼거리, 무의도주민자치센터, 목너머, 실미삼거리, 큰무리선착장, 잠진도삼거리, 잠진도입구, 거잠포선착장, 무의도입구, 덕교동, 무의도입구, 거잠포회센터, 국립인천공항검역소, 하얏트호텔, 인천공항T1(3층7번)","3F : 7",
인천,"6777","0710","2140","0730","0710","2200","2140","8000",일반,신흥교통(032-888-3516),"0730, 0830, 0930, 1105, 1255, 1435, 1545, 1725, 1905, 1930, 2100, 2200","0730, 0830, 0930, 1105, 1255, 1435, 1545, 1725, 1905, 1930, 2100, 2200","0710, 0810, 0910, 1045, 1235, 1415, 1525, 1705, 1845, 1910, 2040, 2140","0710, 0810, 0910, 1045, 1235, 1415, 1525, 1705, 1845, 1910, 2040, 2140","인천공항2터미널, 인천공항1터미널, 송도힐스테이트5단지(해양경찰청), 센트럴공원(송도), 인천스타트업파크(인천대입구역), 센트럴파크역(재외동포청), 국제업무지구역(송도), 송도달빛축제공원역, 송도오션파크베르디움, 인천항신국제여객터미널","1F : 2B",B1F : 17
인천,"6777-1","0740","2110","0800","0740","2130","2110","8000",일반,신흥교통(032-888-3516),"0800, 0900, 1000, 1200, 1345, 1510, 1635, 1815, 1920, 2015, 2130","0800, 0900, 1000, 1200, 1345, 1510, 1635, 1815, 1920, 2015, 2130","0740, 0840, 0940, 1140, 1325, 1450, 1615, 1755, 1900, 1955, 2110","0740, 0840, 0940, 1140, 1325, 1450, 1615, 1755, 1900, 1955, 2110","인천공항2터미널, 인천공항1터미널, 더프라우(송도), 송도힐스테이트5단지(해양경찰청), 센트럴공원(송도), 인천스타트업파크(인천대입구역), 지식정보단지역, 테크노파크역, 캠퍼스타운역(아메리칸타운), 동막역(1번출구), 동춘역(이마트,스퀘어원), 원인재역(1번출구), 신연수역(2번출구), 인천","1F : 2B",B1F : 17
인천,"221","0520","2300",,"0520",,"2300",,일반,영종운수(032-568-5551),,,"0520, 2300","0520, 2300","오션포레베네스트하우스, 박촌마을입구, 공군8547부대앞, 영종역(하늘도시·전소방향), 허브주유소, 원성골, 운남교차로.잔다리, 운남교차로, 잔다리새마을, 중촌교차로, 중산교차로, 옹진축협, 돌팍재삼거리, 하늘초등학교후문·한신더휴2차후문, 한신더휴2차, 우미린1단지정문, 스카이시티자이.화성파크드림, 한라비발디, 힐스테이트, 영종블루오션2차, 동보노빌리티, 신명스카이뷰, 우미린2단지후문, 동원로얄듀크마리나포레, 하늘중학교, 해맞이공원앞, 영종베르힐스카이시티, 영종중학교, e편한세상1차(정문), 푸르지오더스카이, 운서2차SKVIEW스카이시티, 운서SKVIEW·세계로향하는교회, 넙디마을입구, 운서역금강펜테리움아파트, 은골공원, 운서역, KT인천공항지사, 주공12단지, 풍림아이원8단지, 풍림1차205동, 하늘문화센터입구, 스태츠칩팩코리아, 체육공원앞, 물류단지F",,"3F : 3, 10"
인천,중구8,"0650","2030","0820",,"2140",,"1500",일반,신흥교통(032-888-3516),"0820, 2140","0820, 2140",,,"롯데마트, 운서역, 은골사거리, 금호베스트빌1단지.영종도서관, 풍림1차205동, 인천공항T1(3층7번), 국제업무단지(공항청사), 하얏트호텔, 국립인천공항검역소, 무의도입구, 용유역, 덕교동, 한국도심공항터미널, 남성네고개, 마시란, 용유초등학교, 용유초등학교, 나룻개, 나룻개입구, 둥깨마을입구(용성철강), 둥깨마을입구(세븐일레븐), 늘목마을입구삼거리, 늘목, 신설동, 용유동행정복지센터, 비재고개, 선녀바위해수욕장, 을왕리해수욕장, 을왕리해수욕장.더위크앤리조트, 왕산해수욕장(왕산요트경기장), 왕산골, 마을회관입구, 왕산차고지, 왕산차고지, 마을회관입구, 왕산골, 왕산해수욕장(왕산요트경기장), 을왕리해수욕장.더위크앤리조트, 을왕리해수욕장, 선녀바위해수욕장, 비재고개, 늘목, 신설동, 용유동행정복지센터, 늘목마을입구삼거리, 둥깨마을입구(세븐일","3F : 7",
인천,"203A","0440","0440","0440","0440","0440","0440","1600",일반,영종운수(032-568-5551),"0440, 0440","0440, 0440","0440, 0440","0440, 0440","영종서희스타힐스옆문, 중산동(중촌), 중산동, 영종교회, 관창마을, 전소, 영종물류고등학교앞·영종자이아파트, 남디4거리, 영종중학교, 운남동, 운서초등학교, 넙디, 영종고등학교, LH1단지, 영종유승한내들스카이스테이, 운서역반도유보라, 레전드호텔, 롯데마트, 운서역, 은골사거리, 주거단지, 공항교회앞, 삼목초등학교, 공항중학교, 영종풍림아이원1차, 풍림1차205동, 인천공항T1(3층6번), 인천공항T1(3층14번), 인천공항T2(3)번출입구(3층), 인천공항T2(11)번출입구(3층)","3F : 6, 14","3F : 3, 10"
강원,강릉,"0720","2110","0740","0720","2140","2110","37600, 37600","일반,우등","경기고속(02-455-2114), 강원여객(033-643-6123)","0740, 0940, 1200, 1300, 1500, 1630, 1800, 1910, 2140","0740, 0940, 1200, 1300, 1500, 1630, 1800, 1910, 2140","0720, 0910, 1140, 1230, 1440, 1600, 1740, 1850, 2110","0720, 0910, 1140, 1230, 1440, 1600, 1740, 1850, 2110","인천공항2터미널, 인천공항1터미널, 김포공항, 평창휴게소, 강릉","1F : 13A",B1F : 10
강원,삼척,"1330","1330","1400","1330","1400","1330","44200, 44200","일반,우등",강원여객(033-643-6123),"1400","1400","1330","1330","인천공항2터미널, 인천공항1터미널, 김포공항, 평창휴게소, 강릉, 동해, 삼척","1F : 13A",B1F : 10
강원,원주,"0710","2010","0740","0710","2040","2010","27800, 27800","일반,우등","화성고속(033-552-3100), 경기고속(02-455-2114), 금강고속(031-562-8300), 영암고속(033-552-3100)","0740, 0840, 0930, 1140, 1240, 1440, 1650, 1740, 1840, 2040","0740, 0840, 0930, 1140, 1240, 1440, 1650, 1740, 1840, 2040","0710, 0810, 0900, 1110, 1210, 1410, 1620, 1710, 1810, 2010","0710, 0810, 0900, 1110, 1210, 1410, 1620, 1710, 1810, 2010","인천공항2터미널, 인천공항1터미널, 김포공항, 문막, 원주","1F : 13A",B1F : 9
강원,춘천,"0600","2200","0630","0600","2230","2200","26600, 26600","일반,우등",강원고속(033-255-3205),"0630, 0720, 0810, 0850, 0930, 1010, 1050, 1150, 1250, 1350, 1450, 1550, 1640, 1730, 1820, 1900, 1940, 2020, 2110, 2150, 2230","0630, 0720, 0810, 0850, 0930, 1010, 1050, 1150, 1250, 1350, 1450, 1550, 1640, 1730, 1820, 1900, 1940, 2020, 2110, 2150, 2230","0600, 0650, 0740, 0820, 0900, 0940, 1020, 1120, 1220, 1320, 1420, 1520, 1610, 1700, 1750, 1830, 1910, 1950, 2040, 2120, 2200","0600, 0650, 0740, 0820, 0900, 0940, 1020, 1120, 1220, 1320, 1420, 1520, 1610, 1700, 1750, 1830, 1910, 1950, 2040, 2120, 2200","인천공항2터미널, 인천공항1터미널, 김포공항, 청평, 가평, 춘천","1F : 13A",B1F : 10
강원,속초,"0700","1510","0730","0700","1540","1510","36400",우등,금강고속(031-562-8300),"0730, 1040, 1540","0730, 1040, 1540","0700, 1010, 1510","0700, 1010, 1510","인천공항2터미널, 인천공항1터미널, 김포공항, 양양, 속초","1F : 13A",B1F : 10
충청,청주,"0605","2240","0630","0605","2305","2240","23800",우등,"충북리무진(043-236-0181), 대원고속(02-455-2114)","0630, 0700, 0730, 0810, 0840, 0900, 1000, 1030, 1100, 1130, 1200, 1230, 1330, 1400, 1430, 1530, 1600, 1630, 1700, 1730, 1800, 1830, 1900, 1930, 2000, 2040, 2130, 2305","0630, 0700, 0730, 0810, 0840, 0900, 1000, 1030, 1100, 1130, 1200, 1230, 1330, 1400, 1430, 1530, 1600, 1630, 1700, 1730, 1800, 1830, 1900, 1930, 2000, 2040, 2130, 2305","0605, 0635, 0705, 0745, 0815, 0835, 0935, 1005, 1035, 1105, 1135, 1205, 1305, 1335, 1405, 1505, 1535, 1605, 1635, 1705, 1735, 1805, 1835, 1905, 1935, 2015, 2105, 2240","0605, 0635, 0705, 0745, 0815, 0835, 0935, 1005, 1035, 1105, 1135, 1205, 1305, 1335, 1405, 1505, 1535, 1605, 1635, 1705, 1735, 1805, 1835, 1905, 1935, 2015, 2105, 2240","인천공항2터미널, 인천공항1터미널, 청주","1F : 11B",B1F : 7
충청,천안(김포공항),"1750","2050","1810","1750","2110","2050","18100, 18100","일반,우등","중부고속(042-583-8195), 금남고속(042-584-7766), 충남고속(041-333-2911), 한양고속(041-664-5093)","1810, 2110","1810, 2110","1750, 2050","1750, 2050","인천공항2터미널, 인천공항1터미널, 김포공항, 천안","1F : 11B",B1F : 6
충청,천안,"0620","2200","0640","0620","2220","2200","18100",우등,"중부고속(042-583-8195), 충남고속(041-333-2911), 금남고속(042-584-7766), 한양고속(041-664-5093)","0640, 0730, 0750, 0830, 0900, 0930, 1030, 1100, 1200, 1230, 1300, 1400, 1420, 1510, 1530, 1600, 1640, 1710, 1740, 1850, 1910, 1930, 2000, 2030, 2140, 2220","0640, 0730, 0750, 0830, 0900, 0930, 1030, 1100, 1200, 1230, 1300, 1400, 1420, 1510, 1530, 1600, 1640, 1710, 1740, 1850, 1910, 1930, 2000, 2030, 2140, 2220","0620, 0710, 0730, 0810, 0840, 0910, 1010, 1040, 1140, 1210, 1240, 1340, 1400, 1450, 1510, 1540, 1620, 1650, 1720, 1830, 1850, 1910, 1940, 2010, 2120, 2200","0620, 0710, 0730, 0810, 0840, 0910, 1010, 1040, 1140, 1210, 1240, 1340, 1400, 1450, 1510, 1540, 1620, 1650, 1720, 1830, 1850, 1910, 1940, 2010, 2120, 2200","인천공항2터미널, 인천공항1터미널, 천안","1F : 11B",B1F : 6
충청,충주,"0720","2030","0740","0720","2050","2030","25900",우등,경기고속(02-455-2114),"0740, 0920, 1050, 1220, 1350, 1530, 1720, 1850, 2050","0740, 0920, 1050, 1220, 1350, 1530, 1720, 1850, 2050","0720, 0900, 1030, 1200, 1330, 1510, 1700, 1830, 2030","0720, 0900, 1030, 1200, 1330, 1510, 1700, 1830, 2030","인천공항2터미널, 인천공항1터미널, 충주","1F : 11B",B1F : 7
충청,태안,"0630","2020","0650","0630","2040","2020","27800",우등,"한양고속(041-664-5093), 충남고속(041-333-2911)","0650, 0800, 0910, 1050, 1240, 1450, 1630, 1840, 2040","0650, 0800, 0910, 1050, 1240, 1450, 1630, 1840, 2040","0630, 0740, 0850, 1030, 1220, 1430, 1610, 1820, 2020","0630, 0740, 0850, 1030, 1220, 1430, 1610, 1820, 2020","인천공항2터미널, 인천공항1터미널, 기지시, 당진, 서산, 태안","1F : 11B",B1F : 6
충청,아산(온양),"0640","2030","0700","0640","2050","2030","21800",우등,"중부고속(042-583-8195), 충남고속(041-333-2911), 한양고속(041-664-5093), 금남고속(042-584-7766)","0700, 1000, 1130, 1330, 1440, 1830, 2050","0700, 1000, 1130, 1330, 1440, 1830, 2050","0640, 0940, 1110, 1310, 1420, 1810, 2030","0640, 0940, 1110, 1310, 1420, 1810, 2030","인천공항2터미널, 인천공항1터미널, 천안, 아산(온양)","1F : 11B",B1F : 6
충청,대전서남부,"2010","2010","2030","2010","2030","2010","27700",우등,"한양고속(041-664-5093), 중부고속(042-583-8195), 금남고속(042-584-7766)","2030","2030","2010","2010","인천공항2터미널, 인천공항1터미널, 세종청사, 세종시, 유성시외, 대전서남부","1F : 11A",B1F : 5
충청,세종,"0730","2120","0750","0730","2140","2120","25500",우등,"한양고속(041-664-5093), 중부고속(042-583-8195), 금남고속(042-584-7766)","0750, 0930, 1020, 1200, 1330, 1430, 1630, 1830, 1930, 2140","0750, 0930, 1020, 1200, 1330, 1430, 1630, 1830, 1930, 2140","0730, 0910, 1000, 1140, 1310, 1410, 1610, 1810, 1910, 2120","0730, 0910, 1000, 1140, 1310, 1410, 1610, 1810, 1910, 2120","인천공항2터미널, 인천공항1터미널, 세종청사, 세종시","1F : 11A",B1F : 5
충청,보령,"0700","1900","0720","0700","1920","1900","29700",우등,"충남고속(041-333-2911), 한양고속(041-664-5093)","0720, 0940, 1110, 1310, 1650, 1920","0720, 0940, 1110, 1310, 1650, 1920","0700, 0920, 1050, 1250, 1630, 1900","0700, 0920, 1050, 1250, 1630, 1900","인천공항2터미널, 인천공항1터미널, 내포, 홍성, 보령","1F : 11B",B1F : 6
충청,대전복합,"0600","2300","0620","0600","2320","2300","27700",우등,"금남고속(042-584-7766), 중부고속(042-583-8195), 한양고속(041-664-5093)","0620, 0640, 0650, 0700, 0720, 0740, 0800, 0820, 0830, 0840, 0900, 0910, 0920, 0940, 0950, 1000, 1010, 1030, 1040, 1050, 1110, 1120, 1130, 1140, 1150, 1210, 1230, 1250, 1310, 1340, 1350, 1400, 1420, 1440, 1450, 1500, 1520, 1540, 1600, 1620, 1640, 1700, 1710, 1720, 1740, 1800, 1820, 1840, 1850, 1900, 1920, 1940, 1950, 2010, 2020, 2040, 2050, 2110, 2130, 2150, 2220, 2250, 2320","0620, 0640, 0650, 0700, 0720, 0740, 0800, 0820, 0830, 0840, 0900, 0910, 0920, 0940, 0950, 1000, 1010, 1030, 1040, 1050, 1110, 1120, 1130, 1140, 1150, 1210, 1230, 1250, 1310, 1340, 1350, 1400, 1420, 1440, 1450, 1500, 1520, 1540, 1600, 1620, 1640, 1700, 1710, 1720, 1740, 1800, 1820, 1840, 1850, 1900, 1920, 1940, 1950, 2010, 2020, 2040, 2050, 2110, 2130, 2150, 2220, 2250, 2320","0600, 0620, 0630, 0640, 0700, 0720, 0740, 0800, 0810, 0820, 0840, 0850, 0900, 0920, 0930, 0940, 0950, 1010, 1020, 1030, 1050, 1100, 1110, 1120, 1130, 1150, 1210, 1230, 1250, 1320, 1330, 1340, 1400, 1420, 1430, 1440, 1500, 1520, 1540, 1600, 1620, 1640, 1650, 1700, 1720, 1740, 1800, 1820, 1830, 1840, 1900, 1920, 1930, 1950, 2000, 2020, 2030, 2050, 2110, 2130, 2200, 2230, 2300","0600, 0620, 0630, 0640, 0700, 0720, 0740, 0800, 0810, 0820, 0840, 0850, 0900, 0920, 0930, 0940, 0950, 1010, 1020, 1030, 1050, 1100, 1110, 1120, 1130, 1150, 1210, 1230, 1250, 1320, 1330, 1340, 1400, 1420, 1430, 1440, 1500, 1520, 1540, 1600, 1620, 1640, 1650, 1700, 1720, 1740, 1800, 1820, 1830, 1840, 1900, 1920, 1930, 1950, 2000, 2020, 2030, 2050, 2110, 2130, 2200, 2230, 2300","인천공항2터미널, 인천공항1터미널, 북대전IC, 대덕문화센터, 대전청사(선사유적), 대전복합","1F : 11A",B1F : 5
충청,논산,"0610","1800","0630","0610","1820","1800","31800",우등,"삼흥고속(041-8554-0613), 금남고속(042-584-7766)","0630, 0810, 0920, 1250, 1500, 1820","0630, 0810, 0920, 1250, 1500, 1820","0610, 0750, 0900, 1230, 1440, 1800","0610, 0750, 0900, 1230, 1440, 1800","인천공항2터미널, 인천공항1터미널, 공주, 논산","1F : 11B",B1F : 6
충청,증평,"0800","1800","0820","0800","1820","1800","25200",우등,대원고속(02-455-2114),"0820, 1310, 1820","0820, 1310, 1820","0800, 1250, 1800","0800, 1250, 1800","인천공항2터미널, 인천공항1터미널, 김포공항, 충북혁신도시, 증평","1F : 11B",B1F : 7
충청,유성,"0830","1710","0850","0830","1730","1710","27700",우등,"금남고속(042-584-7766), 한양고속(041-664-5093), 중부고속(042-583-8195)","0850, 1100, 1530, 1730","0850, 1100, 1530, 1730","0830, 1040, 1510, 1710","0830, 1040, 1510, 1710","인천공항2터미널, 인천공항1터미널, 세종청사, 세종시, 유성시외","1F : 11A",B1F : 5
충청,아산(온양),"0800","1550","0820","0800","1610","1550","21800",우등,"금남고속(042-584-7766), 충남고속(041-333-2911), 한양고속(041-664-5093), 중부고속(042-583-8195)","0820, 1610","0820, 1610","0800, 1550","0800, 1550","인천공항2터미널, 인천공항1터미널, 천안아산(KTX)역, 아산(온양)","1F : 11B",B1F : 6
충청,신탄진역,"0835","2140","0855","0835","2200","2140","24800",우등,"한양고속(041-664-5093), 금남고속(042-584-7766), 중부고속(042-583-8195)","0855, 1510, 1910, 2200","0855, 1510, 1910, 2200","0835, 1450, 1850, 2140","0835, 1450, 1850, 2140","인천공항2터미널, 인천공항1터미널, 조치원, 신탄진역","1F : 11A",B1F : 5
충청,계룡(금암),"0650","1640","0710","0650","1700","1640","31200",우등,"중부고속(042-583-8195), 삼흥고속(041-8554-0613)","0710, 1120, 1700","0710, 1120, 1700","0650, 1100, 1640","0650, 1100, 1640","인천공항2터미널, 인천공항1터미널, 남선(신도안), 엄사, 계룡금암","1F : 11B",B1F : 6
충청,부여,"0720","1700","0740","0720","1720","1700","32200",우등,"금남고속(042-584-7766), 삼흥고속(041-8554-0613)","0740, 1040, 1720","0740, 1040, 1720","0720, 1020, 1700","0720, 1020, 1700","인천공항2터미널, 인천공항1터미널, 공주, 부여","1F : 11B",B1F : 6
충청,음성,"0850","1750","0910","0850","1810","1750","24000",우등,경기고속(02-455-2114),"0910, 1120, 1620, 1810","0910, 1120, 1620, 1810","0850, 1100, 1600, 1750","0850, 1100, 1600, 1750","인천공항2터미널, 인천공항1터미널, 대소, 음성","1F : 11B",B1F : 7
경상,안동,"1030","1520","1050","1030","1540","1520","42000",우등,"경기,대원고속(02-3436-6366), 경기고속(02-455-2114)","1050, 1540","1050, 1540","1030, 1520","1030, 1520","인천공항2터미널, 인천공항1터미널, 점촌, 예천, 경북도청(신), 안동","1F : 10B",B1F : 2
경상,안동(영주경유),"1220","1750","1240","1220","1810","1750","42000",우등,"경기,대원고속(02-3436-6366), 대원고속(02-455-2114)","1240, 1810","1240, 1810","1220, 1750","1220, 1750","인천공항2터미널, 인천공항1터미널, 영주, 안동","1F : 10B",B1F : 2
경상,창원,"0700","2300","0720","0700","2320","2300","49500",우등,"천일여객(051-559-1100), 경북고속(053-356-1387), 경남고속뉴부산관광(051-583-7441)","0720, 0830, 1000, 1120, 1240, 1330, 1510, 1640, 1800, 1920, 2040, 2320","0720, 0830, 1000, 1120, 1240, 1330, 1510, 1640, 1800, 1920, 2040, 2320","0700, 0810, 0940, 1100, 1220, 1310, 1450, 1620, 1740, 1900, 2020, 2300","0700, 0810, 0940, 1100, 1220, 1310, 1450, 1620, 1740, 1900, 2020, 2300","인천공항2터미널, 인천공항1터미널, 마산, 창원","1F : 11A",B1F : 4
경상,포항,"0900","2340","0920","0900","2400","2340","50300",우등,"경남고속투어(054-553-9090), 경북고속(053-356-1387), 아성고속(053-753-7003), 천마고속(053-753-7003)","2400, 0920, 1120, 1220, 1720, 1920","2400, 0920, 1120, 1220, 1720, 1920","0900, 1100, 1200, 1700, 1900, 2340","0900, 1100, 1200, 1700, 1900, 2340","인천공항2터미널, 인천공항1터미널, 경주시외, 포항","1F : 10B",B1F : 2
경상,거제(고현),"0710","2000","0730","0710","2020","2000","55100",우등,"경원여객(055-745-0123), 대성고속(043-283-3557)","0730, 0850, 1050, 1350, 1520, 1610, 1650, 1900, 2020","0730, 0850, 1050, 1350, 1520, 1610, 1650, 1900, 2020","0710, 0830, 1030, 1330, 1500, 1550, 1630, 1840, 2000","0710, 0830, 1030, 1330, 1500, 1550, 1630, 1840, 2000","인천공항2터미널, 인천공항1터미널, 개양(진주), 통영터미널, 거제(고현)","1F : 11A",B1F : 4
경상,동대구(직통),"0600","2340","0620","0600","2400","2340","41500",우등,"대성고속(043-283-3557), 경북고속(053-356-1387)","2400, 0620, 0650, 0720, 0800, 0820, 0850, 0920, 0950, 1040, 1110, 1200, 1250, 1320, 1400, 1440, 1520, 1600, 1650, 1720, 1750, 1820, 1850, 1920, 2000, 2050, 2120, 2200, 2240, 2320","2400, 0620, 0650, 0720, 0800, 0820, 0850, 0920, 0950, 1040, 1110, 1200, 1250, 1320, 1400, 1440, 1520, 1600, 1650, 1720, 1750, 1820, 1850, 1920, 2000, 2050, 2120, 2200, 2240, 2320","0600, 0630, 0700, 0740, 0800, 0830, 0900, 0930, 1020, 1050, 1140, 1230, 1300, 1340, 1420, 1500, 1540, 1630, 1700, 1730, 1800, 1830, 1900, 1940, 2030, 2100, 2140, 2220, 2300, 2340","0600, 0630, 0700, 0740, 0800, 0830, 0900, 0930, 1020, 1050, 1140, 1230, 1300, 1340, 1420, 1500, 1540, 1630, 1700, 1730, 1800, 1830, 1900, 1940, 2030, 2100, 2140, 2220, 2300, 2340","인천공항2터미널, 인천공항1터미널, 대구동부","1F : 10B",B1F : 3
경상,울산,"0720","2300","0740","0720","2320","2300","49100",우등,"경남고속투어(054-553-9090), 경북고속(053-356-1387), 경남고속뉴부산관광(051-583-7441), 아성고속(053-753-7003)","0740, 1010, 1140, 1250, 1410, 1510, 1740, 2040, 2320","0740, 1010, 1140, 1250, 1410, 1510, 1740, 2040, 2320","0720, 0950, 1120, 1230, 1350, 1450, 1720, 2020, 2300","0720, 0950, 1120, 1230, 1350, 1450, 1720, 2020, 2300","인천공항2터미널, 인천공항1터미널, 울산신복, 울산","1F : 10B",B1F : 2
경상,대구북부(상주경유),"0850","2050","0910","0850","2110","2050","41500",우등,진안고속(053-3547-3314),"0910, 1500, 1710, 2110","0910, 1500, 1710, 2110","0850, 1440, 1650, 2050","0850, 1440, 1650, 2050","인천공항2터미널, 인천공항1터미널, 상주, 구미, 대구북부","1F : 10B",B1F : 3
경상,부산해운대,"0600","2330","0620","0600","2350","2330","53500",우등,"경남고속뉴부산관광(051-583-7441), 경북고속(053-356-1387)","0620, 0750, 0900, 0950, 1030, 1110, 1210, 1310, 1400, 1500, 1600, 1700, 1940, 2100, 2220, 2350","0620, 0750, 0900, 0950, 1030, 1110, 1210, 1310, 1400, 1500, 1600, 1700, 1940, 2100, 2220, 2350","0600, 0730, 0840, 0930, 1010, 1050, 1150, 1250, 1340, 1440, 1540, 1640, 1920, 2040, 2200, 2330","0600, 0730, 0840, 0930, 1010, 1050, 1150, 1250, 1340, 1440, 1540, 1640, 1920, 2040, 2200, 2330","인천공항2터미널, 인천공항1터미널, 부산동부, 부산해운대","1F : 10B",B1F : 4
경상,포항(동영천경유),"0700","2100","0720","0700","2120","2100","50300",우등,"경남고속투어(054-553-9090), 천마고속(053-753-7003), 경북고속(053-356-1387), 아성고속(053-753-7003)","0720, 1320, 1530, 2120","0720, 1320, 1530, 2120","0700, 1300, 1510, 2100","0700, 1300, 1510, 2100","인천공항2터미널, 인천공항1터미널, 동영천IC정류장, 경주시외, 포항","1F : 10B",B1F : 2
경상,경산,"0710","2240","0730","0710","2300","2240","43300",우등,"경원고속(053-355-1241), 경북고속(053-356-1387)","0730, 1030, 1330, 1630, 1930, 2300","0730, 1030, 1330, 1630, 1930, 2300","0710, 1010, 1310, 1610, 1910, 2240","0710, 1010, 1310, 1610, 1910, 2240","인천공항2터미널, 인천공항1터미널, 구미, 경산","1F : 10B",B1F : 3
경상,대구북부(김천부곡경유),"0610","1740","0630","0610","1800","1740","41500",우등,진안고속(053-3547-3314),"0630, 0830, 1150, 1800","0630, 0830, 1150, 1800","0610, 0810, 1130, 1740","0610, 0810, 1130, 1740","인천공항2터미널, 인천공항1터미널, 김천부곡(공항), 구미, 대구북부","1F : 10B",B1F : 3
전라,전주(익산경유),"0545","2245","0610","0545","2310","2245","33000",우등,대한리무진(1670-5477),"0610, 0755, 0935, 1110, 1225, 1425, 1525, 1655, 1820, 2015, 2110, 2210, 2310","0610, 0755, 0935, 1110, 1225, 1425, 1525, 1655, 1820, 2015, 2110, 2210, 2310","0545, 0730, 0910, 1045, 1200, 1400, 1500, 1630, 1755, 1950, 2045, 2145, 2245","0545, 0730, 0910, 1045, 1200, 1400, 1500, 1630, 1755, 1950, 2045, 2145, 2245","인천공항2터미널, 인천공항1터미널, 김포공항, 익산IC, 전주(리무진터미널)","1F : 12B",B1F : 9
전라,인천공항2터미널발 전주시외터미널행 1행,"1000","1730","1025","1000","1755","1730","27900",우등,"전북고속(063-270-1700), 호남고속(063-211-5111)",,,,,"인천공항2터미널, 인천공항1터미널, 전주시외터미널","1F : 12B",B1F : 9
전라,임실(전주경유),"0555","2230","0620","0555","2250","2230","37200",우등,"전북고속(063-270-1700), 호남고속(063-211-5111)","0620, 0715, 0740, 0825, 0855, 0915, 1015, 1125, 1355, 1455, 1705, 1745, 1825, 1925, 2005, 2045, 2140, 2250","0620, 0715, 0740, 0825, 0855, 0915, 1015, 1125, 1355, 1455, 1705, 1745, 1825, 1925, 2005, 2045, 2140, 2250","0555, 0650, 0715, 0800, 0830, 0850, 0950, 1100, 1330, 1430, 1640, 1720, 1800, 1900, 1940, 2020, 2120, 2230","0555, 0650, 0715, 0800, 0830, 0850, 0950, 1100, 1330, 1430, 1640, 1720, 1800, 1900, 1940, 2020, 2120, 2230","인천공항2터미널, 인천공항1터미널, 전주시외터미널, 임실","1F : 13A",B1F : 9
전라,여수,"0750","1745","0815","0750","1810","1745","50000",우등,금호고속(062-360-8114),"0815, 1030, 1810","0815, 1030, 1810","0750, 1005, 1745","0750, 1005, 1745","인천공항2터미널, 인천공항1터미널, 순천, 여수","1F : 12B",B1F : 8
전라,목포,"0800","1935","0825","0800","2000","1935","44400, 44400","일반,우등","광신고속(062-574-3103), 금호고속(062-360-8114)","1350, 1620, 1805, 2000","1350, 1620, 1805, 2000","1325, 1555, 1740, 1935","1325, 1555, 1740, 1935","인천공항2터미널, 인천공항1터미널, 목포","1F : 12B",B1F : 8
전라,익산(군산경유),"0605","2040","0630","0605","2105","2040","34700",우등,"금남고속(042-584-7766), 호남고속(063-211-5111), 전북고속(063-270-1700)","0630, 0705, 0725, 0805, 0845, 0905, 0945, 1025, 1100, 1150, 1335, 1445, 1635, 1755, 1845, 1945, 2105","0630, 0705, 0725, 0805, 0845, 0905, 0945, 1025, 1100, 1150, 1335, 1445, 1635, 1755, 1845, 1945, 2105","0605, 0640, 0700, 0740, 0820, 0840, 0920, 1000, 1035, 1120, 1310, 1420, 1610, 1730, 1815, 1920, 2040","0605, 0640, 0700, 0740, 0820, 0840, 0920, 1000, 1035, 1120, 1310, 1420, 1610, 1730, 1815, 1920, 2040","인천공항2터미널, 인천공항1터미널, 군산, 대야, 익산","1F : 13A",B1F : 9
전라,광주(유·스퀘어),"0605","2305","0630","0605","2330","2305","39900",우등,"금호고속(062-360-8114), 광신고속(062-574-3103)","0630, 0640, 0650, 0700, 0710, 0730, 0750, 0810, 0830, 0850, 0910, 0940, 1000, 1010, 1040, 1110, 1140, 1210, 1240, 1310, 1340, 1420, 1505, 1540, 1610, 1650, 1720, 1750, 1820, 1840, 1900, 1920, 1940, 2010, 2040, 2100, 2120, 2150, 2225, 2300, 2330","0630, 0640, 0650, 0700, 0710, 0730, 0750, 0810, 0830, 0850, 0910, 0940, 1000, 1010, 1040, 1110, 1140, 1210, 1240, 1310, 1340, 1420, 1505, 1540, 1610, 1650, 1720, 1750, 1820, 1840, 1900, 1920, 1940, 2010, 2040, 2100, 2120, 2150, 2225, 2300, 2330","0605, 0615, 0625, 0635, 0645, 0705, 0725, 0745, 0805, 0825, 0845, 0915, 0935, 0945, 1015, 1045, 1115, 1145, 1215, 1245, 1315, 1355, 1440, 1515, 1545, 1625, 1655, 1725, 1755, 1815, 1835, 1855, 1915, 1945, 2015, 2035, 2055, 2125, 2200, 2235, 2305","0605, 0615, 0625, 0635, 0645, 0705, 0725, 0745, 0805, 0825, 0845, 0915, 0935, 0945, 1015, 1045, 1115, 1145, 1215, 1245, 1315, 1355, 1440, 1515, 1545, 1625, 1655, 1725, 1755, 1815, 1835, 1855, 1915, 1945, 2015, 2035, 2055, 2125, 2200, 2235, 2305","인천공항2터미널, 인천공항1터미널, 광주(유·스퀘어)","1F : 12B",B1F : 8
전라,목포(영광 경유),"0800","1935","0825","0800","2000","1935","44400, 44400","일반,우등",금호고속(062-360-8114),"0825, 0905, 1000","0825, 0905, 1000","0800, 0840, 0935","0800, 0840, 0935","인천공항2터미널, 인천공항1터미널, 영광, 목포","1F : 12B",B1F : 8
전라,전주(리무진터미널),"0545","2245","0610","0545","2310","2245","33000",우등,대한리무진(1670-5477),"0655, 0850, 1320, 1855","0655, 0850, 1320, 1855","0630, 0825, 1255, 1830","0630, 0825, 1255, 1830","인천공항2터미널, 인천공항1터미널, 익산IC, 전주(리무진터미널)","1F : 12B",B1F : 9
전라,동광양(순천),"1615","1615","1640","1615","1640","1615","48900",우등,금호고속(062-360-8114),"1640","1640","1615","1615","인천공항2터미널, 인천공항1터미널, 순천, 광양, 동광양(중마)","1F : 12B",B1F : 8
전라,동광양(남원/구례),"0810","0810","0835","0810","0835","0810","48900",우등,금호고속(062-360-8114),"0835","0835","0810","0810","인천공항2터미널, 인천공항1터미널, 남원, 구례, 광양, 동광양(중마)","1F : 12B",B1F : 8
전라,전주시외,"1230","1600","1250","1230","1625","1600","30700",우등,"대한리무진(1670-5477), 호남고속(063-211-5111), 전북고속(063-270-1700)","1250, 1625","1250, 1625","1230, 1600","1230, 1600","인천공항2터미널, 인천공항1터미널, 전북(완주)혁신도시, 전주시외터미널","1F : 13A",B1F : 9
전라,고창,"0730","1700","0755","0730","1725","1700","42500",우등,금호고속(062-360-8114),"0755, 1725","0755, 1725","0730, 1700","0730, 1700","인천공항2터미널, 인천공항1터미널, 김제, 정읍, 고창","1F : 13A",B1F : 8
