{
    "now": "2025-07-24T10:18:13.422Z",
    "perfNow": 3436851.6000000015,
    "diagnosticCorrelation": "007a412b-d250-490e-9983-2bad08060622",
    "source": "DownloadSupportFiles",
    "environment": {
        "productName": "adf",
        "buildVersion": "1.0.071425.1",
        "environmentType": 3,
        "resourceName": "1dt-2nd-team1-dataFactory",
        "resourceRegion": "koreacentral",
        "resourceGroup": "1dt-2nd-team1",
        "subscriptionId": "27db5ec6-d206-4028-b5e1-6004dca5eeef",
        "sessionId": "eApz2AQJlZlFlFZ/479f67",
        "operationId": "",
        "gitType": "live",
        "loggingKey": "d7c9e517-d9fa-47bb-8e4a-07bd06bdc5a5"
    },
    "additionalInfo": {
        "selectedResource": "bronze_to_silver_temperature",
        "selectedResourceType": "pipeline"
    }
}