{
    "name": "btos_temp_dataflow",
    "properties": {
        "type": "MappingDataFlow",
        "typeProperties": {
            "sources": [
                {
                    "dataset": {
                        "referenceName": "bronze_temp",
                        "type": "DatasetReference"
                    },
                    "name": "brTemp"
                }
            ],
            "sinks": [
                {
                    "dataset": {
                        "referenceName": "silver_temp",
                        "type": "DatasetReference"
                    },
                    "name": "silTemp",
                    "description": "silver_temp에 데이터 내보내"
                }
            ],
            "transformations": [
                {
                    "name": "chooseCol",
                    "description": "필요 column 외 제거"
                },
                {
                    "name": "filling",
                    "description": "강수량 NULL값 0으로 변환, 일기현상 NULL값 2로 변환"
                }
            ],
            "scriptLines": [
                "source(output(",
                "          place_code as integer,",
                "          place as string,",
                "          datetime as string,",
                "          dotw as integer,",
                "          wind_speed as integer,",
                "          instant_wind_speed as integer,",
                "          visibillity as integer,",
                "          weather_phenomenon as integer,",
                "          total_cloudiness as integer,",
                "          fst_cloudiness as integer,",
                "          snd_cloudiness as integer,",
                "          trd_cloudiness as integer,",
                "          fth_cloudiness as integer,",
                "          fst_cloud_shape as integer,",
                "          snd_cloud_shape as integer,",
                "          trd_cloud_shape as integer,",
                "          fth_cloud_shape as integer,",
                "          fst_cloud_height as integer,",
                "          snd_cloud_height as integer,",
                "          trd_cloud_height as integer,",
                "          fth_cloud_height as integer,",
                "          temperature as float,",
                "          dew_point_temp as float,",
                "          sea_level_pressure as float,",
                "          spot_atmos_pressure as float,",
                "          precipitation as integer",
                "     ),",
                "     allowSchemaDrift: true,",
                "     validateSchema: false,",
                "     isolationLevel: 'READ_UNCOMMITTED',",
                "     format: 'table') ~> brTemp",
                "filling select(mapColumn(",
                "          datetime,",
                "          dotw,",
                "          wind_speed,",
                "          visibillity,",
                "          weather_phenomenon,",
                "          temperature,",
                "          dew_point_temp,",
                "          sea_level_pressure,",
                "          spot_atmos_pressure,",
                "          precipitation,",
                "          year,",
                "          month,",
                "          day,",
                "          time",
                "     ),",
                "     skipDuplicateMapInputs: true,",
                "     skipDuplicateMapOutputs: true) ~> chooseCol",
                "brTemp derive(precipitation = iifNull(precipitation, 0),",
                "          weather_phenomenon = iifNull(weather_phenomenon, 2),",
                "          year = year(toDate(datetime)),",
                "          month = month(toDate(datetime)),",
                "          day = substring(datetime, 9, 2),",
                "          time = substring(datetime, 12, 2)) ~> filling",
                "chooseCol sink(allowSchemaDrift: true,",
                "     validateSchema: false,",
                "     input(",
                "          dotw as integer,",
                "          wind_speed as integer,",
                "          visibillity as integer,",
                "          weather_phenomenon as integer,",
                "          temperature as float,",
                "          dew_point_temp as float,",
                "          sea_level_pressure as float,",
                "          spot_atmos_pressure as float,",
                "          precipitation as integer,",
                "          year as string,",
                "          month as string,",
                "          day as string,",
                "          time as string,",
                "          datetime as string",
                "     ),",
                "     deletable:false,",
                "     insertable:true,",
                "     updateable:false,",
                "     upsertable:false,",
                "     format: 'table',",
                "     skipDuplicateMapInputs: true,",
                "     skipDuplicateMapOutputs: true) ~> silTemp"
            ]
        }
    }
}