"date","flight_number","scheduled_time","expected_delay"
"2025-07-21","3U7024","16:45",7.702879659256755
"2025-07-21","3U7032","15:15",0.0
"2025-07-21","3U7034","10:20",0.0
"2025-07-21","5J129","22:00",0.0
"2025-07-21","7C1103","10:35",5.987844989444595
"2025-07-21","7C1105","13:20",2.775988061607938
"2025-07-21","7C1107","15:05",6.733021626478008
"2025-07-21","7C1121","16:05",0.0
"2025-07-21","7C1201","11:10",0.0
"2025-07-21","7C1203","15:00",12.492293644079478
"2025-07-21","7C1305","17:00",26.80697083453583
"2025-07-21","7C1373","10:40",0.0
"2025-07-21","7C1385","11:05",0.0
"2025-07-21","7C1387","13:45",0.0
"2025-07-21","7C1405","15:30",6.969605773607798
"2025-07-21","7C1407","17:20",0.0
"2025-07-21","7C1503","12:20",23.458942334754575
"2025-07-21","7C1603","15:10",5.867437074802414
"2025-07-21","7C1615","12:40",27.667834482633936
"2025-07-21","7C1703","13:05",53.276023967458485
"2025-07-21","7C1801","13:30",5.9770364535139375
"2025-07-21","7C2103","19:05",18.965008996682982
"2025-07-21","7C2107","21:35",0.0
"2025-07-21","7C2113","20:50",17.847680872294806
"2025-07-21","7C2125","21:10",2.2537514834458037
"2025-07-21","7C2177","22:15",0.0
"2025-07-21","7C2201","20:45",5.312935357037022
"2025-07-21","7C2211","10:40",66.69715401423258
"2025-07-21","7C2217","21:55",20.35786919902344
"2025-07-21","7C2275","21:15",6.240432525338596
"2025-07-21","7C2303","21:05",0.0
"2025-07-21","7C2307","21:25",18.244490707377125
"2025-07-21","7C2315","17:20",20.549668212696858
"2025-07-21","7C2401","19:45",9.67002562916204
"2025-07-21","7C2503","20:05",0.7246887943676104
"2025-07-21","7C2515","18:00",0.0
"2025-07-21","7C2603","19:10",0.281637459784291
"2025-07-21","7C2711","15:40",25.315807320028494
"2025-07-21","7C3101","10:40",1.350357630245215
"2025-07-21","7C3107","20:20",26.345615437490245
"2025-07-21","7C3217","22:10",1.1831240652102668
"2025-07-21","7C6001","11:00",19.955058495121236
"2025-07-21","7C8501","10:30",0.0
"2025-07-21","7C8503","15:35",6.258468872375788
"2025-07-21","7C8801","10:00",4.583061711695642
"2025-07-21","7C8903","15:50",8.491602469386825
"2025-07-21",AA280,"17:25",0.0
"2025-07-21",AA8894,"15:10",0.0
"2025-07-21",AA8912,"20:05",0.0
"2025-07-21",AC062,"19:05",0.0
"2025-07-21",AC064,"17:45",0.0
"2025-07-21",AC6534,"19:45",0.0
"2025-07-21",AC6538,"20:45",3.947582563177722
"2025-07-21",AC6973,"18:50",0.0
"2025-07-21",AC6974,"19:20",21.624779922280407
"2025-07-21",AC6982,"19:25",17.693688621025625
"2025-07-21",AC6984,"19:30",25.007270733366276
"2025-07-21",AC6994,"16:10",1.5708468661795845
"2025-07-21",AC6996,"19:30",3.4406602701216613
"2025-07-21",AC6998,"18:20",17.004224841686202
"2025-07-21",AF3112,"22:25",0.0
"2025-07-21",AF4160,"12:35",0.0
"2025-07-21",AF5093,"11:10",0.0
"2025-07-21",AF5366,"20:30",1.2501062551224926
"2025-07-21",AF5368,"17:10",3.303328631819568
"2025-07-21",AF5373,"10:05",18.375008818026508
"2025-07-21",AF5376,"10:10",0.0
"2025-07-21",AF5389,"19:00",0.0
"2025-07-21",AF7876,"19:10",19.948183555169873
"2025-07-21",AF7880,"20:05",4.250160761812323
"2025-07-21",AF7883,"19:30",18.680016248463787
"2025-07-21",AF7894,"18:40",0.0
"2025-07-21",AF7904,"17:05",2.3612450808854604
"2025-07-21",AF7906,"17:45",4.962978693850388
"2025-07-21",AF7907,"18:50",8.916878584189803
"2025-07-21",AF7909,"10:35",0.0
"2025-07-21",AI8167,"16:45",0.0
"2025-07-21",AI8173,"11:20",17.028663444850167
"2025-07-21",AM091,"11:40",0.0
"2025-07-21",AM6700,"18:35",0.0
"2025-07-21",AM6702,"14:30",0.0
"2025-07-21",AM6704,"20:25",16.774586073730426
"2025-07-21",AM6705,"13:00",5.8118227923885915
"2025-07-21",AM6750,"10:10",0.0
"2025-07-21",AM6752,"17:05",23.477267539691283
"2025-07-21",AS8460,"21:25",0.0
"2025-07-21",AY042,"21:50",3.3122735802592036
"2025-07-21",AY6425,"21:50",0.0
"2025-07-21",AZ2780,"18:25",20.13714878909701
"2025-07-21",AZ2782,"19:30",22.852245817955925
"2025-07-21",AZ2784,"19:00",0.0
"2025-07-21",AZ2786,"18:50",16.756104951113436
"2025-07-21",AZ2788,"18:40",9.85184847649379
"2025-07-21",AZ2790,"10:05",0.0
"2025-07-21",AZ7685,"13:40",19.148327850436687
"2025-07-21",AZ7687,"13:20",6.8785881505357445
"2025-07-21",BR153,"13:45",0.0
"2025-07-21",BR159,"19:45",5.534414409220714
"2025-07-21",BR169,"12:00",5.192513799467477
"2025-07-21",BR171,"20:45",0.0
"2025-07-21",BR2147,"10:15",10.79159925626298
"2025-07-21",BR2149,"14:20",0.0
"2025-07-21",BX158,"11:25",65.66776203947606
"2025-07-21",BX166,"15:50",1.1137757805846498
"2025-07-21",BX174,"12:40",5.220622664987339
"2025-07-21",BX176,"15:25",9.917001027308075
"2025-07-21",BX747,"17:15",1.8972289430278355
"2025-07-21",BX787,"21:30",8.276697459459996
"2025-07-21",CA124,"13:05",0.0
"2025-07-21",CA126,"17:50",26.311191229905514
"2025-07-21",CA132,"15:30",26.45265190538068
"2025-07-21",CA136,"14:40",22.510010005826544
"2025-07-21",CA140,"13:45",17.796792360535445
"2025-07-21",CA144,"14:20",24.117515332088566
"2025-07-21",CA172,"13:10",5.747011760947428
"2025-07-21",CA3844,"14:40",5.524278783328976
"2025-07-21",CA3862,"16:40",24.29252104908181
"2025-07-21",CA402,"14:55",0.0
"2025-07-21",CA440,"14:10",0.0
"2025-07-21",CA5004,"12:50",21.534544701886293
"2025-07-21",CA5006,"14:50",6.566958544546102
"2025-07-21",CA5018,"12:30",0.0
"2025-07-21",CA5024,"20:00",0.0
"2025-07-21",CA710,"10:50",3.9653134805790593
"2025-07-21",CA740,"14:25",18.62841303636932
"2025-07-21",CA8856,"14:00",37.0137485767487
"2025-07-21",CA8860,"16:45",4.27793365779204
"2025-07-21",CA8874,"11:45",0.0
"2025-07-21",CA8876,"23:40",0.0
"2025-07-21",CA8878,"22:15",0.0
"2025-07-21",CA8880,"21:45",6.995312599009299
"2025-07-21",CA8882,"22:55",1.2964318619589346
"2025-07-21",CA8888,"12:15",17.137235757880006
"2025-07-21",CA8892,"15:30",20.018974826613018
"2025-07-21",CI161,"12:35",5.865385471671237
"2025-07-21",CI163,"20:35",19.272142244740735
"2025-07-21",CI165,"12:05",0.0
"2025-07-21",CI9065,"10:30",0.0
"2025-07-21",CI9067,"16:10",0.0
"2025-07-21",CI9554,"21:25",0.0
"2025-07-21",CM8000,"14:40",1.2097938726445658
"2025-07-21",CM8001,"20:40",8.801058056778148
"2025-07-21",CM8021,"21:05",7.056219842335795
"2025-07-21",CX411,"15:10",4.726759515563204
"2025-07-21",CX417,"10:10",0.0
"2025-07-21",CX419,"20:05",13.236570315474541
"2025-07-21",CX439,"13:40",0.0
"2025-07-21",CX5619,"12:45",0.0
"2025-07-21",CX5627,"22:30",0.0
"2025-07-21",CX6232,"11:10",4.662662746415581
"2025-07-21",CZ3062,"16:45",0.0
"2025-07-21",CZ3090,"14:50",1.3576749661010563
"2025-07-21",CZ314,"12:35",1.1135604195305255
"2025-07-21",CZ338,"15:15",7.6945468498761915
"2025-07-21",CZ340,"10:20",0.0
"2025-07-21",CZ370,"21:30",10.755170040856324
"2025-07-21",CZ6010,"21:15",4.257706334597685
"2025-07-21",CZ6074,"14:35",0.0
"2025-07-21",CZ672,"21:50",0.0
"2025-07-21",CZ676,"22:40",11.598628924930212
"2025-07-21",CZ682,"12:45",19.009703884829335
"2025-07-21",CZ684,"19:55",0.5685890886174785
"2025-07-21",CZ686,"11:25",5.788301139884712
"2025-07-21",CZ688,"13:20",0.0
"2025-07-21",CZ696,"17:30",5.023802893175995
"2025-07-21",CZ8172,"21:55",0.0
"2025-07-21",D7507,"20:20",7.20605808944236
"2025-07-21",DL026,"18:50",21.648340723533522
"2025-07-21",DL158,"10:15",23.37632304082873
"2025-07-21",DL170,"18:40",19.67929783509446
"2025-07-21",DL188,"16:25",0.0
"2025-07-21",DL7718,"12:35",20.50201704583086
"2025-07-21",DL7720,"20:35",0.0
"2025-07-21",DL7773,"19:45",2.8532092322843337
"2025-07-21",DL7775,"10:30",78.95429692186501
"2025-07-21",DL7777,"16:10",0.0
"2025-07-21",DL7779,"10:10",3.5482281513926583
"2025-07-21",DL7781,"18:35",0.0
"2025-07-21",DL7783,"19:00",19.458964713276792
"2025-07-21",DL7787,"15:05",2.1576374376364154
"2025-07-21",DL7791,"10:35",17.796315345227477
"2025-07-21",DL7793,"18:50",0.0
"2025-07-21",DL7797,"18:40",10.289386797930124
"2025-07-21",DL7799,"13:45",0.0
"2025-07-21",DL7803,"16:10",0.0
"2025-07-21",DL7807,"18:45",19.522882008012665
"2025-07-21",DL7811,"18:20",6.271126933532569
"2025-07-21",DL7813,"20:00",3.36502093301835
"2025-07-21",DL7819,"14:45",46.37950674303704
"2025-07-21",DL7821,"18:40",1.1089303368218566
"2025-07-21",DL7823,"23:35",21.696984791734458
"2025-07-21",DL7825,"21:15",20.936359399629673
"2025-07-21",DL7831,"21:00",6.611933532523189
"2025-07-21",DL7833,"20:25",0.0
"2025-07-21",DL7835,"14:30",0.0
"2025-07-21",DL7837,"16:40",0.0
"2025-07-21",DL7841,"10:00",4.759064094948897
"2025-07-21",DL7843,"19:30",13.67002508452811
"2025-07-21",DL7845,"19:30",3.130733434760188
"2025-07-21",DL7852,"18:05",0.0
"2025-07-21",DL7857,"10:25",14.041242277028518
"2025-07-21",DL7860,"16:00",0.0
"2025-07-21",DL7863,"10:40",17.10030243534937
"2025-07-21",DL7871,"18:50",1.5987915725955073
"2025-07-21",DL7872,"17:45",7.121064815216976
"2025-07-21",DL7879,"18:25",5.525160802561526
"2025-07-21",DL7887,"19:35",0.0
"2025-07-21",DL7889,"17:10",0.0
"2025-07-21",DL7895,"13:00",0.0
"2025-07-21",DL7897,"17:05",20.33590848848213
"2025-07-21",DL7898,"10:05",2.4401368872265774
"2025-07-21",DL7903,"10:20",4.834577928100364
"2025-07-21",DL7909,"13:25",7.8925687329368985
"2025-07-21",DL7911,"16:20",14.082286956533915
"2025-07-21",DL7913,"15:10",1.2357203717682186
"2025-07-21",DL7917,"19:45",18.31266908870812
"2025-07-21",DL7919,"19:45",23.178469461866605
"2025-07-21",DL7924,"18:25",0.0
"2025-07-21",DL7925,"18:45",1.1851962868291466
"2025-07-21",DL7929,"17:50",3.28427373713871
"2025-07-21",DL7933,"12:35",0.0
"2025-07-21",DL7939,"21:05",4.222802537669514
"2025-07-21",EK323,"23:55",4.264529143155178
"2025-07-21",EK325,"22:45",1.0885226684653624
"2025-07-21",EK3483,"13:25",16.898628905388925
"2025-07-21",ET1290,"19:20",8.502081436674946
"2025-07-21",ET1298,"19:30",88.19717372059293
"2025-07-21",ET1444,"18:20",20.234626297325313
"2025-07-21",ET672,"17:40",0.0
"2025-07-21",EY823,"18:30",8.182962628921821
"2025-07-21",EY8442,"18:20",3.8826257607881995
"2025-07-21",EY8449,"14:05",0.0
"2025-07-21",EY8450,"19:20",0.0
"2025-07-21",EY8454,"15:45",3.1792804918454713
"2025-07-21",EY8455,"18:30",1.3303511649929867
"2025-07-21",EY8462,"20:10",0.0
"2025-07-21",EY8464,"19:25",0.0
"2025-07-21",EY8467,"12:30",9.52381802517774
"2025-07-21",EY8471,"16:00",11.94259362809151
"2025-07-21",EY8475,"16:05",0.0
"2025-07-21",FM3068,"12:55",0.0
"2025-07-21",FM3072,"16:20",10.966833614896561
"2025-07-21",FM3078,"12:00",0.0
"2025-07-21",FM3080,"13:10",0.0
"2025-07-21",FM3082,"14:15",4.103324333020591
"2025-07-21",FM3084,"16:35",0.0
"2025-07-21",FM828,"18:25",10.503208322499894
"2025-07-21",FM8754,"18:55",4.983400014321937
"2025-07-21",FM8756,"11:10",0.0
"2025-07-21",GA871,"11:25",0.0
"2025-07-21",GA879,"10:35",2.2702556230298985
"2025-07-21",GA9727,"15:10",0.0
"2025-07-21",GA9961,"16:10",9.10970722715775
"2025-07-21",GA9965,"17:45",0.0
"2025-07-21",GS7994,"13:05",9.339772340553509
"2025-07-21",H19753,"19:05",1.4282375806001664
"2025-07-21",H19758,"10:40",0.0
"2025-07-21",H19761,"16:05",2.390640041711409
"2025-07-21",H19789,"20:50",0.0
"2025-07-21",H19790,"11:10",0.0
"2025-07-21",H19802,"10:35",0.0
"2025-07-21",H19804,"13:20",0.0
"2025-07-21",H19814,"17:00",1.1436590793867971
"2025-07-21",H19816,"15:00",9.329566617656944
"2025-07-21",H19823,"21:10",0.0
"2025-07-21",H19825,"20:45",3.630549476120464
"2025-07-21",H19831,"15:30",6.054646151316815
"2025-07-21",H19837,"10:40",27.897135285140635
"2025-07-21",H19841,"13:05",0.0
"2025-07-21",H19843,"13:30",24.601624676320395
"2025-07-21",H19847,"21:55",17.385374145166153
"2025-07-21",H19855,"21:35",0.0
"2025-07-21",H19882,"12:20",0.6341443951797794
"2025-07-21",H19889,"17:20",7.053004943766641
"2025-07-21",H19891,"15:50",0.0
"2025-07-21",H19899,"10:30",0.0
"2025-07-21",H19905,"15:05",11.45914723127103
"2025-07-21",H19910,"17:20",22.77551963141609
"2025-07-21",H19914,"18:00",4.096358982558703
"2025-07-21",H19918,"19:10",6.148090673050087
"2025-07-21",H19929,"15:10",0.7838510226782673
"2025-07-21",H19950,"15:40",3.077633056962126
"2025-07-21",H19960,"11:00",70.15922943629184
"2025-07-21",H19978,"10:00",0.0
"2025-07-21",H19983,"19:45",94.6950025561993
"2025-07-21",H19984,"20:05",1.8152474234970146
"2025-07-21",H19988,"12:40",0.0
"2025-07-21",HA2571,"12:35",0.9085000967763217
"2025-07-21",HA2573,"20:35",0.0
"2025-07-21",HA460,"21:25",2.102523061201797
"2025-07-21",HA6011,"19:45",3.7716276733190384
"2025-07-21",HA6019,"21:05",4.089505413292152
"2025-07-21",HH822,"12:35",2.117782810200376
"2025-07-21",HO3101,"12:30",0.0
"2025-07-21",HO3103,"12:30",19.520319122106763
"2025-07-21",HO3107,"14:00",0.0
"2025-07-21",HO3109,"20:00",16.85056632055624
"2025-07-21",HO3111,"10:45",0.0
"2025-07-21",HU450,"21:50",0.0
"2025-07-21",HX1565,"19:50",21.13460188494317
"2025-07-21",HX629,"14:50",1.501904798776204
"2025-07-21",HY512,"10:10",1.1163430695399867
"2025-07-21",JD378,"21:25",23.93194584590451
"2025-07-21",JL5152,"12:35",0.9779231483218089
"2025-07-21",JL5202,"10:10",0.0
"2025-07-21",JL5206,"18:35",20.04630441257723
"2025-07-21",JL5208,"10:05",18.07217807585893
"2025-07-21",JL5212,"15:05",7.125198845039553
"2025-07-21",JL5214,"19:00",11.742853900135916
"2025-07-21",JL5216,"10:35",20.475940821565285
"2025-07-21",JL5218,"18:50",0.0
"2025-07-21",JL5222,"13:45",11.251703027200309
"2025-07-21",JL5224,"18:40",2.621344802176891
"2025-07-21",JL5250,"13:00",4.475350273642718
"2025-07-21",JL5252,"17:05",22.579789706169734
"2025-07-21",JL5256,"20:30",21.1108485211795
"2025-07-21",JQ048,"21:50",2.822143768076483
"2025-07-21",KC577,"18:15",0.0
"2025-07-21",KC910,"11:10",16.96774444227397
"2025-07-21",KE005,"21:00",2.5229729099317026
"2025-07-21",KE011,"20:25",4.6764054111820865
"2025-07-21",KE017,"14:30",5.656102762463492
"2025-07-21",KE023,"16:00",0.0
"2025-07-21",KE037,"10:40",9.60085660683934
"2025-07-21",KE041,"16:40",7.708945971453329
"2025-07-21",KE053,"21:05",0.0
"2025-07-21",KE071,"18:45",5.479735221074863
"2025-07-21",KE075,"22:40",0.0
"2025-07-21",KE081,"10:00",9.41685572342038
"2025-07-21",KE085,"19:30",73.0489839118478
"2025-07-21",KE093,"10:25",0.0
"2025-07-21",KE101,"10:25",55.78314038877781
"2025-07-21",KE107,"12:00",25.105441158562364
"2025-07-21",KE135,"13:25",18.945652366384675
"2025-07-21",KE1405,"17:10",0.0
"2025-07-21",KE1407,"18:25",19.69381336668527
"2025-07-21",KE1409,"19:35",0.0
"2025-07-21",KE1431,"19:30",0.0
"2025-07-21",KE161,"18:40",3.7580218892632242
"2025-07-21",KE169,"10:20",0.0
"2025-07-21",KE175,"13:25",17.196010435948555
"2025-07-21",KE177,"19:45",0.0
"2025-07-21",KE185,"10:30",4.00334169872535
"2025-07-21",KE187,"16:10",6.370564851227249
"2025-07-21",KE189,"15:15",5.328117724826363
"2025-07-21",KE401,"19:10",0.0
"2025-07-21",KE407,"20:05",0.0
"2025-07-21",KE411,"18:00",2.6633139524079503
"2025-07-21",KE423,"18:40",0.0
"2025-07-21",KE453,"18:45",0.0
"2025-07-21",KE461,"18:20",0.0
"2025-07-21",KE467,"20:00",0.0
"2025-07-21",KE475,"18:45",9.906631834936242
"2025-07-21",KE477,"19:45",2.1092349895992673
"2025-07-21",KE489,"17:15",1.83920974477895
"2025-07-21",KE5007,"20:45",0.0
"2025-07-21",KE5031,"17:25",21.525904500169275
"2025-07-21",KE5035,"18:50",0.0
"2025-07-21",KE5039,"16:25",0.0
"2025-07-21",KE5065,"19:55",22.614783119892
"2025-07-21",KE5067,"17:25",4.245846096762952
"2025-07-21",KE5075,"12:10",14.606129200880146
"2025-07-21",KE5077,"16:00",2.745452050496475
"2025-07-21",KE5081,"16:20",0.0
"2025-07-21",KE5089,"17:10",0.32815651433584064
"2025-07-21",KE5471,"11:45",6.836662708571444
"2025-07-21",KE5629,"11:25",17.079277293490463
"2025-07-21",KE5643,"10:35",6.935840671941785
"2025-07-21",KE5671,"11:00",0.0
"2025-07-21",KE5673,"11:05",4.795224464173282
"2025-07-21",KE5675,"17:55",0.0
"2025-07-21",KE5681,"10:35",11.78105374184734
"2025-07-21",KE5683,"10:05",0.0
"2025-07-21",KE5689,"18:05",77.51548441614791
"2025-07-21",KE5691,"12:35",20.42173983250069
"2025-07-21",KE5693,"20:35",0.0
"2025-07-21",KE5699,"12:05",63.58162132093292
"2025-07-21",KE5749,"16:15",3.8265184579781657
"2025-07-21",KE5761,"19:10",1.003462523361689
"2025-07-21",KE5763,"21:25",27.679069594173967
"2025-07-21",KE5769,"20:25",22.622645684630765
"2025-07-21",KE5781,"21:45",6.580143947307739
"2025-07-21",KE5841,"16:35",24.077638930931588
"2025-07-21",KE5843,"13:10",0.9907415761156477
"2025-07-21",KE5847,"11:35",4.750720403088856
"2025-07-21",KE5849,"14:15",0.0
"2025-07-21",KE5851,"15:55",2.0523052774825885
"2025-07-21",KE5853,"12:00",0.0
"2025-07-21",KE5857,"12:55",5.890209259778215
"2025-07-21",KE5859,"12:15",6.55730285607474
"2025-07-21",KE5867,"14:20",24.262299107078796
"2025-07-21",KE5871,"14:15",24.944138612880693
"2025-07-21",KE5873,"15:40",0.0
"2025-07-21",KE5877,"11:50",13.424483882670284
"2025-07-21",KE5885,"16:20",1.139414743590434
"2025-07-21",KE5887,"13:30",0.0
"2025-07-21",KE5893,"18:25",4.509627403443094
"2025-07-21",KE5895,"20:15",0.0
"2025-07-21",KE5897,"20:35",2.909054024578216
"2025-07-21",KE5925,"22:25",0.0
"2025-07-21",KE5941,"10:10",25.312575760449832
"2025-07-21",KE5951,"23:55",4.731085006870131
"2025-07-21",KE615,"20:05",0.0
"2025-07-21",KE619,"22:35",23.990806880221974
"2025-07-21",KE623,"18:50",7.536867234374098
"2025-07-21",KE625,"20:15",20.879270546924666
"2025-07-21",KE627,"15:10",17.810769001793112
"2025-07-21",KE629,"17:45",0.9551778233615273
"2025-07-21",KE633,"16:10",3.4635310428677304
"2025-07-21",KE643,"14:45",25.109390952171495
"2025-07-21",KE645,"18:40",10.715305012250543
"2025-07-21",KE647,"23:35",36.11156553627535
"2025-07-21",KE651,"18:05",23.56965747059599
"2025-07-21",KE655,"21:15",2.9804168570438314
"2025-07-21",KE659,"19:45",13.095868360613995
"2025-07-21",KE663,"17:50",1.0426658430441371
"2025-07-21",KE667,"18:25",7.019950390362542
"2025-07-21",KE671,"16:20",8.164159134621265
"2025-07-21",KE689,"18:50",0.0
"2025-07-21",KE695,"13:35",1.301300825347358
"2025-07-21",KE703,"10:10",0.0
"2025-07-21",KE705,"18:35",10.93172447011261
"2025-07-21",KE711,"13:00",4.378762137471815
"2025-07-21",KE713,"17:05",4.280511071104028
"2025-07-21",KE719,"20:30",18.080715591902244
"2025-07-21",KE721,"19:00",0.0
"2025-07-21",KE725,"15:05",3.5033573586844593
"2025-07-21",KE7273,"10:15",1.078960831345455
"2025-07-21",KE733,"15:50",6.166129720090966
"2025-07-21",KE741,"10:35",18.74575960382924
"2025-07-21",KE743,"18:50",23.233932541442105
"2025-07-21",KE765,"10:05",1.4035642472296441
"2025-07-21",KE769,"12:35",0.0
"2025-07-21",KE781,"18:40",0.9150142353672747
"2025-07-21",KE789,"13:45",3.4386944199900285
"2025-07-21",KE7895,"21:25",0.0
"2025-07-21",KE803,"12:35",0.0
"2025-07-21",KE843,"13:05",2.8611795964419073
"2025-07-21",KE853,"20:00",0.0
"2025-07-21",KE855,"10:40",10.446955022254969
"2025-07-21",KE869,"13:00",6.408078273311517
"2025-07-21",KE871,"18:35",19.22123030987384
"2025-07-21",KE895,"18:55",18.751293236420338
"2025-07-21",KE897,"11:10",0.0
"2025-07-21",KE901,"11:10",22.93278593560935
"2025-07-21",KE907,"10:55",7.892798724599157
"2025-07-21",KE925,"11:55",0.0
"2025-07-21",KE927,"13:40",18.94923856836742
"2025-07-21",KE931,"13:20",0.0
"2025-07-21",KE937,"10:40",0.0
"2025-07-21",KE951,"13:25",12.303263815815072
"2025-07-21",KE955,"13:40",0.0
"2025-07-21",KE963,"12:35",1.9996849248871715
"2025-07-21",KE969,"10:45",80.64792947586332
"2025-07-21",KL200,"11:55",18.42856081611405
"2025-07-21",KL3396,"19:35",0.0
"2025-07-21",KL4245,"18:00",23.75261658820545
"2025-07-21",KL4247,"12:35",1.768304609510853
"2025-07-21",KL4249,"18:25",0.0
"2025-07-21",KL4251,"10:35",61.90407128337093
"2025-07-21",KL4255,"10:05",0.0
"2025-07-21",KL4258,"18:40",0.0
"2025-07-21",KL856,"22:25",8.612365089791595
"2025-07-21",KL9160,"19:10",23.60169352432351
"2025-07-21",KL9162,"20:05",18.949424167106123
"2025-07-21",KL9841,"13:45",9.828815195162651
"2025-07-21",KL9848,"18:50",7.202996201966435
"2025-07-21",KQ5103,"19:45",27.73847344494649
"2025-07-21",LA5113,"11:40",4.575813045046338
"2025-07-21",LA8426,"20:25",22.05049099349419
"2025-07-21",LA8428,"14:30",2.427271535699896
"2025-07-21",LH713,"12:25",4.270022206756314
"2025-07-21",LH719,"11:40",1.2848176108088882
"2025-07-21",LJ001,"19:55",22.1022424181776
"2025-07-21",LJ005,"17:25",0.0
"2025-07-21",LJ009,"17:10",0.0
"2025-07-21",LJ031,"21:45",0.0
"2025-07-21",LJ037,"21:25",20.779317112904685
"2025-07-21",LJ043,"20:50",4.326836628889112
"2025-07-21",LJ081,"20:25",0.0
"2025-07-21",LJ087,"19:25",0.5621501463906472
"2025-07-21",LJ091,"17:05",2.3813531309389653
"2025-07-21",LJ131,"19:10",12.716728653498953
"2025-07-21",LJ209,"14:45",8.545865312003288
"2025-07-21",LJ211,"15:35",37.043247411679104
"2025-07-21",LJ233,"10:10",1.0772440340641474
"2025-07-21",LJ237,"14:40",4.875364959276018
"2025-07-21",LJ239,"16:05",5.400027817915053
"2025-07-21",LJ263,"12:10",18.614962494206452
"2025-07-21",LJ265,"16:00",20.58732621605008
"2025-07-21",LJ271,"17:00",5.627538528128788
"2025-07-21",LJ303,"15:20",55.00337289129884
"2025-07-21",LJ347,"16:20",6.68132101371814
"2025-07-21",LJ351,"16:15",26.80721749710267
"2025-07-21",LJ359,"14:30",0.0
"2025-07-21",LJ861,"13:50",16.891253946627682
"2025-07-21",LJ917,"20:50",6.5541549657733835
"2025-07-21",LO098,"11:20",21.37482103602364
"2025-07-21",LX123,"10:05",4.032918854154882
"2025-07-21",LY9630,"18:30",20.690739186290596
"2025-07-21",M0602,"16:20",8.662424992974952
"2025-07-21",MF872,"13:30",16.5829043568403
"2025-07-21",MF878,"20:35",0.0
"2025-07-21",MF9088,"18:55",2.058342383048478
"2025-07-21",MF9090,"11:10",8.142751371483559
"2025-07-21",MF9094,"10:40",18.37606644503812
"2025-07-21",MF9096,"20:00",4.151206544119717
"2025-07-21",MF9596,"12:35",1.442752178917706
"2025-07-21",MF9598,"12:00",0.0
"2025-07-21",MH067,"11:00",0.0
"2025-07-21",MH5621,"16:20",2.009008058929238
"2025-07-21",MH9428,"17:25",7.1935061160500355
"2025-07-21",MM704,"10:20",0.0
"2025-07-21",MM708,"15:20",19.189145851499028
"2025-07-21",MM710,"21:00",8.488773584306793
"2025-07-21",MM808,"22:35",1.5268872467934642
"2025-07-21",MS8089,"18:30",7.078408411700209
"2025-07-21",MU2018,"14:15",0.0
"2025-07-21",MU2034,"13:10",16.395329257886047
"2025-07-21",MU2040,"12:00",0.0
"2025-07-21",MU2074,"15:50",0.0
"2025-07-21",MU268,"15:55",28.038923601299985
"2025-07-21",MU2922,"20:15",0.0
"2025-07-21",MU2990,"19:40",9.492968123429481
"2025-07-21",MU5012,"16:35",0.0
"2025-07-21",MU5022,"14:15",6.797352373900452
"2025-07-21",MU5034,"16:20",6.67114400730263
"2025-07-21",MU5042,"12:55",0.0
"2025-07-21",MU5072,"11:50",0.0
"2025-07-21",MU550,"11:35",16.844965320812566
"2025-07-21",MU560,"16:35",17.19793077672727
"2025-07-21",MU580,"12:15",1.1499452728530866
"2025-07-21",MU8604,"18:25",20.167779219648676
"2025-07-21",MU892,"15:40",26.261109609098185
"2025-07-21",MU8932,"18:55",81.77522929886254
"2025-07-21",MU8934,"11:10",0.0
"2025-07-21",MU8938,"13:05",7.687974250857885
"2025-07-21",MU8956,"10:25",0.0
"2025-07-21",MU8958,"13:00",0.0
"2025-07-21",MU8960,"12:00",0.0
"2025-07-21",MU8966,"18:40",0.0
"2025-07-21",NH5340,"17:40",6.0272052227233175
"2025-07-21",NH6896,"21:10",0.0
"2025-07-21",NH6898,"18:20",0.0
"2025-07-21",NH6942,"11:30",0.0
"2025-07-21",NH6954,"14:05",0.0
"2025-07-21",NH6956,"19:20",1.128408788779252
"2025-07-21",NH6960,"12:30",0.0
"2025-07-21",NH6966,"16:00",0.6782825423536666
"2025-07-21",NH6976,"15:45",2.028219600113287
"2025-07-21",NH6978,"18:30",5.62795064003412
"2025-07-21",NQ122,"13:35",0.0
"2025-07-21",NX821,"14:15",22.393382378319284
"2025-07-21",NZ4056,"15:45",21.044005186658232
"2025-07-21",NZ4925,"19:45",24.357928990883437
"2025-07-21",NZ4929,"12:00",2.3410973373071116
"2025-07-21",OM302,"14:20",4.093069811326849
"2025-07-21",OM6231,"18:40",0.0
"2025-07-21",OM6521,"19:10",0.0
"2025-07-21",OM6531,"20:05",0.0
"2025-07-21",OM6705,"15:05",0.0
"2025-07-21",OM6711,"18:40",0.0
"2025-07-21",OM6715,"10:35",23.01346901254861
"2025-07-21",OM6717,"18:50",18.2091934942578
"2025-07-21",OS8052,"19:30",0.0
"2025-07-21",OZ106,"15:45",0.0
"2025-07-21",OZ108,"18:30",35.47973410821277
"2025-07-21",OZ114,"14:05",5.286262763079314
"2025-07-21",OZ116,"19:20",0.0
"2025-07-21",OZ118,"16:05",1.4800906687883
"2025-07-21",OZ124,"16:00",4.51823838466057
"2025-07-21",OZ134,"12:30",0.0
"2025-07-21",OZ136,"18:20",20.34849122750863
"2025-07-21",OZ160,"11:30",74.61384057077522
"2025-07-21",OZ178,"21:10",0.0
"2025-07-21",OZ202,"14:40",21.896034333329702
"2025-07-21",OZ204,"20:40",0.0
"2025-07-21",OZ212,"20:55",13.178328066321377
"2025-07-21",OZ224,"21:05",20.86129877423066
"2025-07-21",OZ232,"20:20",0.0
"2025-07-21",OZ272,"18:20",5.371450197576923
"2025-07-21",OZ321,"21:10",11.542960423021277
"2025-07-21",OZ323,"20:00",0.0
"2025-07-21",OZ333,"12:50",24.414696239873535
"2025-07-21",OZ335,"14:50",26.624137867274968
"2025-07-21",OZ339,"12:15",3.980466913697226
"2025-07-21",OZ347,"10:00",25.32955880704431
"2025-07-21",OZ349,"12:30",26.893284032253685
"2025-07-21",OZ3513,"15:20",10.82571211378601
"2025-07-21",OZ353,"21:55",24.292887373409492
"2025-07-21",OZ355,"21:00",18.64614884837287
"2025-07-21",OZ359,"12:30",0.0
"2025-07-21",OZ363,"10:45",6.3320396570727215
"2025-07-21",OZ365,"14:00",0.7394748608764066
"2025-07-21",OZ367,"20:00",12.147029410662165
"2025-07-21",OZ371,"10:00",0.0
"2025-07-21",OZ501,"10:45",0.0
"2025-07-21",OZ521,"12:20",2.720346849055584
"2025-07-21",OZ573,"16:15",7.190955148699012
"2025-07-21",OZ577,"18:15",0.0
"2025-07-21",OZ601,"20:10",5.195740529737128
"2025-07-21",OZ6102,"17:45",2.4522276708027206
"2025-07-21",OZ6114,"19:05",0.0
"2025-07-21",OZ6614,"16:50",19.66783238762497
"2025-07-21",OZ6620,"11:30",0.0
"2025-07-21",OZ6701,"11:45",0.0
"2025-07-21",OZ6703,"22:55",7.447194849304069
"2025-07-21",OZ6705,"23:40",85.16640572924386
"2025-07-21",OZ6707,"21:45",0.0
"2025-07-21",OZ6709,"12:15",6.933520954028339
"2025-07-21",OZ6711,"14:00",0.0
"2025-07-21",OZ6713,"16:45",0.0
"2025-07-21",OZ6715,"15:30",0.0
"2025-07-21",OZ6719,"22:15",0.0
"2025-07-21",OZ6725,"11:20",0.0
"2025-07-21",OZ6737,"10:20",0.0
"2025-07-21",OZ6763,"17:25",20.354852159419906
"2025-07-21",OZ6789,"16:45",2.890960155680011
"2025-07-21",OZ6803,"17:50",0.0
"2025-07-21",OZ6805,"10:50",0.0
"2025-07-21",OZ6807,"13:05",0.0
"2025-07-21",OZ6811,"13:10",8.403384950098134
"2025-07-21",OZ6825,"14:20",0.0
"2025-07-21",OZ6827,"13:45",1.3476251163725443
"2025-07-21",OZ6831,"14:55",0.0
"2025-07-21",OZ6847,"14:10",14.636710559341338
"2025-07-21",OZ6867,"14:15",20.731815677729468
"2025-07-21",OZ6869,"13:45",0.0
"2025-07-21",OZ6871,"19:45",0.0
"2025-07-21",OZ6873,"12:00",0.0
"2025-07-21",OZ6875,"20:45",2.3526198866983083
"2025-07-21",OZ6881,"16:40",8.664356941359681
"2025-07-21",OZ6883,"14:40",4.724393793509334
"2025-07-21",OZ6931,"23:20",0.0
"2025-07-21",OZ6933,"10:20",22.879681540508237
"2025-07-21",OZ6961,"11:10",21.18963418472984
"2025-07-21",OZ6970,"18:30",3.078566055609272
"2025-07-21",OZ703,"19:15",11.206473260797438
"2025-07-21",OZ707,"21:55",0.0
"2025-07-21",OZ711,"10:15",1.6751281444682213
"2025-07-21",OZ713,"14:20",0.0
"2025-07-21",OZ733,"19:30",46.8333756215964
"2025-07-21",OZ735,"19:25",19.229737742791464
"2025-07-21",OZ739,"19:30",8.685854677191347
"2025-07-21",OZ741,"19:30",0.0
"2025-07-21",OZ745,"19:50",19.787253934988595
"2025-07-21",OZ751,"16:10",0.0
"2025-07-21",OZ755,"18:50",4.990590673784132
"2025-07-21",OZ761,"14:55",23.74690198248963
"2025-07-21",OZ765,"19:50",0.0
"2025-07-21",OZ9293,"14:50",8.745752073639546
"2025-07-21",OZ9587,"21:30",7.887777855068952
"2025-07-21",OZ9760,"17:40",2.19190272059587
"2025-07-21",PR469,"20:30",21.525237156112095
"2025-07-21",QF5508,"21:50",0.0
"2025-07-21",QF8221,"20:05",20.862461357458848
"2025-07-21",QF8224,"15:10",11.628882623390624
"2025-07-21",QF8228,"10:10",0.0
"2025-07-21",QF8232,"13:40",18.95208155666644
"2025-07-21",QR3488,"10:10",10.16529972915357
"2025-07-21",QR3499,"15:10",3.2864832323202755
"2025-07-21",QR5459,"11:00",0.0
"2025-07-21",QR5829,"13:40",0.0
"2025-07-21",QR5845,"20:05",0.0
"2025-07-21",QV924,"10:40",0.0
"2025-07-21",QW9902,"22:45",20.719334339413564
"2025-07-21",RF314,"18:50",24.875427511092063
"2025-07-21",RF883,"13:05",0.0
"2025-07-21",RS511,"20:55",23.325558526878005
"2025-07-21",RS527,"19:50",19.506527132558347
"2025-07-21",RS581,"19:25",19.021193005012403
"2025-07-21",RS703,"16:45",0.0
"2025-07-21",RS713,"13:15",0.0
"2025-07-21",RS715,"15:20",1.0589609465008412
"2025-07-21",RS723,"14:25",7.544516979174079
"2025-07-21",RS745,"13:35",3.6340909621379236
"2025-07-21",SC124,"13:05",0.0
"2025-07-21",SC126,"13:45",0.0
"2025-07-21",SC128,"14:10",8.517988691401545
"2025-07-21",SC150,"17:50",5.260601412136388
"2025-07-21",SC4610,"12:15",0.0
"2025-07-21",SC4612,"14:00",1.6644036717131634
"2025-07-21",SC4614,"15:30",0.0
"2025-07-21",SC4616,"16:45",3.1553187441199473
"2025-07-21",SC4618,"21:45",16.818130865073037
"2025-07-21",SC4620,"22:55",7.132787788060651
"2025-07-21",SC7684,"22:15",17.639736728887264
"2025-07-21",SC8002,"11:45",2.889556409515823
"2025-07-21",SC8004,"23:40",0.0
"2025-07-21",SQ1004,"17:45",26.30501217590301
"2025-07-21",SQ5702,"14:40",6.745811900256081
"2025-07-21",SQ5704,"20:40",78.07622779079396
"2025-07-21",SQ5712,"20:55",0.5640779741579902
"2025-07-21",SQ5732,"20:20",7.201427779861
"2025-07-21",SQ5751,"16:10",1.3917567963828041
"2025-07-21",SQ5772,"18:20",4.9112560308028375
"2025-07-21",SQ601,"16:45",16.562662511433295
"2025-07-21",SQ611,"11:20",39.22331868521688
"2025-07-21",SV6612,"13:25",54.582542479641546
"2025-07-21",SV6919,"10:35",1.3673542761356465
"2025-07-21",T5678,"22:45",16.452217435916666
"2025-07-21",TG6393,"19:45",19.078130493119925
"2025-07-21",TG6397,"12:00",47.10471660490769
"2025-07-21",TG653,"17:25",0.0
"2025-07-21",TG657,"10:20",0.0
"2025-07-21",TG6705,"19:50",16.80876525680736
"2025-07-21",TG6727,"19:30",0.0
"2025-07-21",TG6733,"20:20",0.0
"2025-07-21",TG6737,"14:40",1.759816697816385
"2025-07-21",TG6743,"20:40",17.54580129412373
"2025-07-21",TG6747,"20:55",17.366528755148416
"2025-07-21",TG6753,"18:20",10.069110747648452
"2025-07-21",TG6755,"21:05",0.0
"2025-07-21",TK021,"10:20",2.3437996604756677
"2025-07-21",TK091,"23:20",27.35087122648419
"2025-07-21",TK8092,"16:00",21.922047003005936
"2025-07-21",TK8094,"12:30",7.05479638923024
"2025-07-21",TK8096,"20:10",5.022441625526733
"2025-07-21",TK8379,"17:25",1.330185597002604
"2025-07-21",TK8380,"10:20",0.0
"2025-07-21",TK9148,"21:25",5.062351369368049
"2025-07-21",TN1575,"13:00",0.0
"2025-07-21",TN1577,"10:10",0.0
"2025-07-21",TR853,"11:30",3.296894755198265
"2025-07-21",TR897,"22:35",25.434514149977268
"2025-07-21",TW101,"18:00",10.898969641249643
"2025-07-21",TW149,"18:15",0.0
"2025-07-21",TW161,"16:10",22.95360764816747
"2025-07-21",TW173,"19:50",0.0
"2025-07-21",TW187,"19:00",21.823526740696636
"2025-07-21",TW201,"10:05",9.390329934957318
"2025-07-21",TW205,"15:00",0.0
"2025-07-21",TW207,"18:05",1.5597852593164152
"2025-07-21",TW243,"10:20",33.061298496954535
"2025-07-21",TW245,"15:00",11.673387499757272
"2025-07-21",TW263,"10:10",51.37493018009563
"2025-07-21",TW281,"11:00",19.844127281485818
"2025-07-21",TW303,"11:10",0.5450950762489916
"2025-07-21",TW305,"15:55",1.9399875649574057
"2025-07-21",TW401,"10:10",0.0
"2025-07-21",TW405,"12:35",0.0
"2025-07-21",TW407,"11:05",5.0706020337666775
"2025-07-21",TW421,"11:20",1.9483779135281623
"2025-07-21",TW431,"18:30",60.519086533529055
"2025-07-21",TW501,"22:10",0.0
"2025-07-21",TW513,"20:30",2.163577426311946
"2025-07-21",TW643,"20:05",6.921223198630042
"2025-07-21",TW669,"13:55",49.032416167314665
"2025-07-21",TW671,"13:05",11.672056160448244
"2025-07-21",UA7285,"14:40",4.429764855591879
"2025-07-21",UA7287,"20:40",0.0
"2025-07-21",UA7289,"20:55",25.16035465952026
"2025-07-21",UA7291,"18:20",0.0
"2025-07-21",UA7297,"18:30",0.0
"2025-07-21",UA7300,"19:30",0.0
"2025-07-21",UA7302,"21:05",4.687660825881144
"2025-07-21",UA7308,"19:50",24.299876443407683
"2025-07-21",UA7314,"19:30",3.6896491227831696
"2025-07-21",UA7322,"15:45",2.9013989796315496
"2025-07-21",UA806,"11:30",0.0
"2025-07-21",UA892,"16:50",0.0
"2025-07-21",UL2767,"11:00",0.5016826127128647
"2025-07-21",UL3815,"23:35",17.365356052436503
"2025-07-21",UL471,"11:45",0.0
"2025-07-21",UO619,"12:45",1.2876316594301205
"2025-07-21",UO627,"22:30",47.64020597147476
"2025-07-21",UO631,"16:10",0.6157703586916164
"2025-07-21",UO679,"20:50",1.093924305517337
"2025-07-21",VA5671,"16:45",1.0996508471678368
"2025-07-21",VA5681,"11:20",0.0
"2025-07-21",VJ861,"21:15",3.2262043262261386
"2025-07-21",VJ863,"11:40",1.7632011623008417
"2025-07-21",VJ875,"22:45",16.457263472326375
"2025-07-21",VJ961,"11:05",0.0
"2025-07-21",VN3401,"18:45",22.070860942095337
"2025-07-21",VN3407,"19:45",0.0
"2025-07-21",VN3409,"20:00",4.671497475862633
"2025-07-21",VN3411,"18:45",22.89618483524219
"2025-07-21",VN3441,"18:20",7.7126051885384355
"2025-07-21",VN403,"17:55",3.0491889627914404
"2025-07-21",VN409,"10:35",0.8193912410967654
"2025-07-21",VN415,"18:05",7.149826220644178
"2025-07-21",VN417,"10:05",0.0
"2025-07-21",VN431,"11:05",0.0
"2025-07-21",VS5501,"10:55",0.8831836875233524
"2025-07-21",VS5503,"18:35",0.0
"2025-07-21",VS5505,"19:00",2.7000061941692284
"2025-07-21",VS5507,"18:50",0.0
"2025-07-21",VS5509,"18:40",19.626860939432653
"2025-07-21",VS5511,"10:05",0.0
"2025-07-21",VS5515,"19:45",25.572832383223915
"2025-07-21",VS5517,"18:45",1.9866747878629614
"2025-07-21",VS5519,"18:45",0.0
"2025-07-21",VS5521,"18:20",21.899717347709093
"2025-07-21",VS5523,"19:10",0.0
"2025-07-21",VS5525,"20:05",0.0
"2025-07-21",VS5527,"18:00",9.335844585676735
"2025-07-21",VS5529,"20:30",1.7745951575072336
"2025-07-21",WB1217,"17:40",19.973194237989915
"2025-07-21",WS087,"20:45",23.91064551531022
"2025-07-21",WS6031,"18:40",20.146289566194305
"2025-07-21",WS6033,"14:45",0.0
"2025-07-21",WS6035,"19:45",0.0
"2025-07-21",WS6037,"18:45",0.0
"2025-07-21",WS6039,"18:45",4.304521741839624
"2025-07-21",WS6041,"18:20",0.0
"2025-07-21",WS6059,"22:40",0.0
"2025-07-21",WS6061,"18:45",16.71131624626023
"2025-07-21",WS6065,"23:35",0.0
"2025-07-21",WS6078,"21:15",0.0
"2025-07-21",WY5919,"10:20",3.694966641706781
"2025-07-21",XJ701,"11:35",18.111021039625847
"2025-07-21",XY3873,"18:30",6.441690295471991
"2025-07-21",YP101,"12:45",0.0
"2025-07-21",YP103,"22:05",8.542706397214204
"2025-07-21",YP111,"18:20",2.8383830476195584
"2025-07-21",YP131,"21:30",16.63641378111346
"2025-07-21",YP151,"22:30",0.0
"2025-07-21",Z2885,"12:55",43.69955068550385
"2025-07-21",ZA216,"11:35",4.376289023923302
"2025-07-21",ZE135,"19:30",0.0
"2025-07-21",ZE511,"17:30",5.50499991425928
"2025-07-21",ZE517,"18:30",0.0
"2025-07-21",ZE561,"20:55",0.0
"2025-07-21",ZE593,"20:30",0.0
"2025-07-21",ZE603,"15:10",0.0
"2025-07-21",ZE613,"15:15",0.0
"2025-07-21",ZE615,"12:00",17.321034029054637
"2025-07-21",ZE623,"14:10",0.0
"2025-07-21",ZE631,"11:30",2.547885583852638
"2025-07-21",ZE643,"14:40",1.4083508169533552
"2025-07-21",ZE871,"22:30",0.0
"2025-07-21",ZG042,"12:55",0.0
"2025-07-21",ZH3302,"10:00",5.670153293983105
"2025-07-21",ZH3304,"10:00",0.0
"2025-07-21",ZH3310,"14:50",1.4798332067192188
"2025-07-21",ZH3310,"21:00",0.0
"2025-07-21",ZH632,"16:40",0.6749629506683243
"2025-07-21",ZH634,"14:40",0.4337689262809927
